stratum,metric,budget,mae,direct_mae,regret,mean_weight,coverage,no_harm,max_identity_residual,mean_sensor_gap,true_metric,transport_metric,transport_abs_error
ER_AGE_50_69,AUC,16,0.12439527552119384,0.12924023814796037,-0.004844962626766546,0.05194493502450987,1.0,1.0,0.0,0.2127317478102148,0.6313965786990093,0.6025284462979903,0.028868132401019042
ER_AGE_50_69,AUC,32,0.07913600986640053,0.08253173356504954,-0.003395723698649001,0.045682890824730656,1.0,1.0,0.0,0.14003500276336797,0.6313965786990093,0.6025284462979903,0.028868132401019042
ER_AGE_50_69,AUC,64,0.05278013778967506,0.05494238469898018,-0.0021622469093051243,0.04363825717626871,1.0,1.0,0.0,0.09730503284677754,0.6313965786990093,0.6025284462979903,0.028868132401019042
ER_AGE_50_69,AUC,128,0.03571664137586323,0.03708984846620047,-0.0013732070903372362,0.04235594877566363,1.0,1.0,0.0,0.06982172458295217,0.6313965786990093,0.6025284462979903,0.028868132401019042
ER_AGE_50_69,AUC,256,0.027682436364828308,0.028686833329481715,-0.0010043969646534073,0.04051417511890201,1.0,1.0,0.0,0.053212201212293836,0.6313965786990093,0.6025284462979903,0.028868132401019042
ER_AGE_50_69,BALANCED_ACCURACY,16,0.0984871840345951,0.101875,-0.0033878159654049163,0.035886499496092295,1.0,1.0,0.0,0.14197966282749264,0.5901751580021781,0.5704317825953082,0.01974337540686988
ER_AGE_50_69,BALANCED_ACCURACY,32,0.0618540741421852,0.0642994826197604,-0.002445408477575202,0.03697743514337504,1.0,1.0,0.0,0.09070670347785924,0.5901751580021781,0.5704317825953082,0.01974337540686988
ER_AGE_50_69,BALANCED_ACCURACY,64,0.04684696080950993,0.04868111077980397,-0.0018341499702940365,0.035275765504186235,1.0,1.0,0.0,0.07010108434963339,0.5901751580021781,0.5704317825953082,0.01974337540686988
ER_AGE_50_69,BALANCED_ACCURACY,128,0.030191360193899102,0.03133475316004356,-0.0011433929661444594,0.0357370649708659,1.0,1.0,0.0,0.047585577612243316,0.5901751580021781,0.5704317825953082,0.01974337540686988
ER_AGE_50_69,BALANCED_ACCURACY,256,0.020030631100697516,0.020748815660043562,-0.0007181845593460445,0.03620781460374666,1.0,1.0,0.0,0.03507424576568903,0.5901751580021781,0.5704317825953082,0.01974337540686988
ER_AGE_50_69,BRIER_UTILITY,16,0.040793215372685994,0.04109483088847459,-0.00030161551578860023,0.007322778430192117,1.0,1.0,2.220446049250313e-16,0.05814037875862398,0.7527666185309527,0.7232664697816944,0.029500148749258326
ER_AGE_50_69,BRIER_UTILITY,32,0.025128781509470056,0.02527492632519206,-0.00014614481572200133,0.007116381158833343,1.0,1.0,2.220446049250313e-16,0.04350751674041689,0.7527666185309527,0.7232664697816944,0.029500148749258326
ER_AGE_50_69,BRIER_UTILITY,64,0.017668344300802875,0.017749784641088603,-8.14403402857261e-05,0.006678714519064526,1.0,1.0,2.220446049250313e-16,0.03693821660597357,0.7527666185309527,0.7232664697816944,0.029500148749258326
ER_AGE_50_69,BRIER_UTILITY,128,0.01208817015114668,0.01214174845046623,-5.357829931955049e-05,0.006480891096196806,1.0,1.0,2.220446049250313e-16,0.03184566125843583,0.7527666185309527,0.7232664697816944,0.029500148749258326
ER_AGE_50_69,BRIER_UTILITY,256,0.0093663711535326,0.009391998518703572,-2.562736517097153e-05,0.0060051360037080325,1.0,1.0,2.220446049250313e-16,0.0299297310720397,0.7527666185309527,0.7232664697816944,0.029500148749258326
ER_AGE_50_69,SENSITIVITY,16,0.14101609350496644,0.14847513089005238,-0.007459037385085921,0.07028787000708897,1.0,1.0,0.0,0.20766260587622307,0.4075043630017452,0.4217478824755391,0.01424351947379393
ER_AGE_50_69,SENSITIVITY,32,0.09891353342886058,0.10556228184991275,-0.006648748421052168,0.07065244879390682,1.0,1.0,0.0,0.1428785488351762,0.4075043630017452,0.4217478824755391,0.01424351947379393
ER_AGE_50_69,SENSITIVITY,64,0.061661418604941086,0.06649405541012215,-0.0048326368051810785,0.07098946011738497,1.0,1.0,0.0,0.10172383470097843,0.4075043630017452,0.4217478824755391,0.01424351947379393
ER_AGE_50_69,SENSITIVITY,128,0.04032836944785855,0.04371632308027923,-0.0033879536324206805,0.07185609480681322,1.0,1.0,0.0,0.068173887969374,0.4075043630017452,0.4217478824755391,0.01424351947379393
ER_AGE_50_69,SENSITIVITY,256,0.03160772657170268,0.03429258017015707,-0.002684853598454384,0.07233202778175656,1.0,1.0,0.0,0.048627092211399256,0.4075043630017452,0.4217478824755391,0.01424351947379393
ER_AGE_50_69,SPECIFICITY,16,0.12871556365291553,0.13467689295039165,-0.005961329297476111,0.054960433594276506,1.0,1.0,0.0,0.18045678595106437,0.7728459530026109,0.7191156827150774,0.05373027028753352
ER_AGE_50_69,SPECIFICITY,32,0.07930671203668688,0.08341383812010443,-0.004107126083417563,0.05455257372463294,1.0,1.0,0.0,0.12826562912391362,0.7728459530026109,0.7191156827150774,0.05373027028753352
ER_AGE_50_69,SPECIFICITY,64,0.056402100947517825,0.059109823759791125,-0.002707722812273306,0.05398131636255914,1.0,1.0,0.0,0.09421044277821515,0.7728459530026109,0.7191156827150774,0.05373027028753352
ER_AGE_50_69,SPECIFICITY,128,0.03974555289473503,0.04127957734986945,-0.0015340244551344195,0.05048186360265195,1.0,1.0,0.0,0.0764852098460921,0.7728459530026109,0.7191156827150774,0.05373027028753352
ER_AGE_50_69,SPECIFICITY,256,0.028408456846908053,0.029034044549608357,-0.0006255877027003087,0.0474980089516841,1.0,1.0,0.0,0.06355136873519968,0.7728459530026109,0.7191156827150774,0.05373027028753352
ER_AGE_GE70,AUC,16,0.10798739081863033,0.11243766686949072,-0.004450276050860402,0.0527281773000867,1.0,1.0,0.0,0.20549794924022924,0.6005236144915123,0.5953399887441368,0.005183625747375409
ER_AGE_GE70,AUC,32,0.07774142421505789,0.08114985082966049,-0.0034084266146025936,0.045885550804213596,1.0,1.0,0.0,0.14273025168837947,0.6005236144915123,0.5953399887441368,0.005183625747375409
ER_AGE_GE70,AUC,64,0.05623599722625846,0.05875,-0.002514002773741546,0.0437487292873074,1.0,1.0,0.0,0.09914720050651385,0.6005236144915123,0.5953399887441368,0.005183625747375409
ER_AGE_GE70,AUC,128,0.035670144961616086,0.0373456969613889,-0.0016755519997728127,0.042880012401760696,1.0,1.0,0.0,0.06822108654325162,0.6005236144915123,0.5953399887441368,0.005183625747375409
ER_AGE_GE70,AUC,256,0.027552162589829194,0.028817508240268137,-0.0012653456504389407,0.04206102635268449,1.0,1.0,0.0,0.04855866247186034,0.6005236144915123,0.5953399887441368,0.005183625747375409
ER_AGE_GE70,BALANCED_ACCURACY,16,0.09745672107014595,0.10080986688551481,-0.0033531458153688676,0.03815682524877094,1.0,1.0,0.0,0.14679323424543997,0.5753741680344676,0.5632433250414548,0.012130842993012814
ER_AGE_GE70,BALANCED_ACCURACY,32,0.06498269618485818,0.06765735856585949,-0.002674662381001317,0.040623658748030075,1.0,1.0,0.0,0.09247011525704732,0.5753741680344676,0.5632433250414548,0.012130842993012814
ER_AGE_GE70,BALANCED_ACCURACY,64,0.044272128395596876,0.04614876663931065,-0.0018766382437137696,0.03911881958678357,1.0,1.0,0.0,0.06926706612769457,0.5753741680344676,0.5632433250414548,0.012130842993012814
ER_AGE_GE70,BALANCED_ACCURACY,128,0.029809268366897755,0.031169120737587267,-0.0013598523706895146,0.04010018914103983,1.0,1.0,0.0,0.043346404747098166,0.5753741680344676,0.5632433250414548,0.012130842993012814
ER_AGE_GE70,BALANCED_ACCURACY,256,0.023531901317541265,0.024508141639310647,-0.000976240321769383,0.03757812440794203,1.0,1.0,0.0,0.03770289749170904,0.5753741680344676,0.5632433250414548,0.012130842993012814
ER_AGE_GE70,BRIER_UTILITY,16,0.035900448770497854,0.03610957638162032,-0.0002091276111224738,0.006946223797149387,1.0,1.0,2.220446049250313e-16,0.053510745400725084,0.7396807659596079,0.716078012227841,0.0236027537317669
ER_AGE_GE70,BRIER_UTILITY,32,0.02576642719460415,0.025921698574446303,-0.00015527137984215346,0.006909384724599847,1.0,1.0,1.1102230246251565e-16,0.04117454780698099,0.7396807659596079,0.716078012227841,0.0236027537317669
ER_AGE_GE70,BRIER_UTILITY,64,0.018196478678196064,0.018309266916458043,-0.0001127882382619777,0.006911627619393257,1.0,1.0,2.220446049250313e-16,0.03232954207698152,0.7396807659596079,0.716078012227841,0.0236027537317669
ER_AGE_GE70,BRIER_UTILITY,128,0.012394808346000706,0.012471859565810949,-7.705121981024187e-05,0.0065929716890478565,1.0,1.0,2.220446049250313e-16,0.027891886376248985,0.7396807659596079,0.716078012227841,0.0236027537317669
ER_AGE_GE70,BRIER_UTILITY,256,0.00911499450510643,0.00916191310590846,-4.691860080202948e-05,0.006225411759213929,1.0,1.0,2.220446049250313e-16,0.025044322782271866,0.7396807659596079,0.716078012227841,0.0236027537317669
ER_AGE_GE70,SENSITIVITY,16,0.13751748171342176,0.14575027382256298,-0.008232792109141211,0.07106619157146536,1.0,1.0,0.0,0.21340133226801228,0.46166484118291345,0.4145594249216857,0.04710541626122777
ER_AGE_GE70,SENSITIVITY,32,0.09110217438303407,0.09598302300109529,-0.0048808486180612195,0.07062099086814515,1.0,1.0,0.0,0.1451896517570483,0.46166484118291345,0.4145594249216857,0.04710541626122777
ER_AGE_GE70,SENSITIVITY,64,0.06926269300383794,0.07451670317634174,-0.00525401017250378,0.06982750180008805,1.0,1.0,0.0,0.10711157827427745,0.46166484118291345,0.4145594249216857,0.04710541626122777
ER_AGE_GE70,SENSITIVITY,128,0.0421084769342165,0.04483835911829135,-0.002729882184074849,0.07013194925934145,1.0,1.0,0.0,0.07558386301879544,0.46166484118291345,0.4145594249216857,0.04710541626122777
ER_AGE_GE70,SENSITIVITY,256,0.03607952837154764,0.038046875,-0.001967346628452357,0.0634136951982107,1.0,1.0,0.0,0.06671142491924759,0.46166484118291345,0.4145594249216857,0.04710541626122777
ER_AGE_GE70,SPECIFICITY,16,0.13447568267858967,0.14253166989772045,-0.008055987219130761,0.06530675503651129,1.0,1.0,0.0,0.1843278298355001,0.6890834948860218,0.711927225161224,0.022843730275202145
ER_AGE_GE70,SPECIFICITY,32,0.07895353832640103,0.08394421836352699,-0.004990680037125947,0.06512400640071321,1.0,1.0,0.0,0.13368177225161224,0.6890834948860218,0.711927225161224,0.022843730275202145
ER_AGE_GE70,SPECIFICITY,64,0.05761623240976449,0.061800024232903275,-0.004183791823138786,0.06479721761521538,1.0,1.0,0.0,0.09170653665482643,0.6890834948860218,0.711927225161224,0.022843730275202145
ER_AGE_GE70,SPECIFICITY,128,0.040589694593922844,0.04360958494886022,-0.0030198903549373724,0.0646977514073385,1.0,1.0,0.0,0.06298854450322448,0.6890834948860218,0.711927225161224,0.022843730275202145
ER_AGE_GE70,SPECIFICITY,256,0.029411428712452323,0.031452705102279564,-0.002041276389827243,0.06325460760515371,1.0,1.0,0.0,0.048426339667724354,0.6890834948860218,0.711927225161224,0.022843730275202145
ER_AGE_LT50,AUC,16,0.11357404834810816,0.11689561215753425,-0.003321563809426076,0.042302766863385334,1.0,1.0,0.0,0.2010186935575785,0.5904587614155251,0.5127336694697314,0.07772509194579369
ER_AGE_LT50,AUC,32,0.08404207257648229,0.08697407248858446,-0.002931999912102175,0.03391975277193258,1.0,1.0,0.0,0.16150992436931044,0.5904587614155251,0.5127336694697314,0.07772509194579369
ER_AGE_LT50,AUC,64,0.05577440496163689,0.05716181863584475,-0.001387413674207859,0.032184043677695146,1.0,1.0,0.0,0.11771625903294267,0.5904587614155251,0.5127336694697314,0.07772509194579369
ER_AGE_LT50,AUC,128,0.03865586961135564,0.039603038491723745,-0.0009471688803681011,0.028509942253476736,1.0,1.0,0.0,0.0970834399497895,0.5904587614155251,0.5127336694697314,0.07772509194579369
ER_AGE_LT50,AUC,256,0.027492609744503026,0.027742097591591755,-0.0002494878470887257,0.024287225898949116,1.0,1.0,0.0,0.08595817984788919,0.5904587614155251,0.5127336694697314,0.07772509194579369
ER_AGE_LT50,BALANCED_ACCURACY,16,0.07578528268518761,0.07701712328767124,-0.0012318406024836228,0.02134037722626941,1.0,1.0,0.0,0.13013865104957117,0.5702340182648402,0.4806370057670494,0.08959701249779084
ER_AGE_LT50,BALANCED_ACCURACY,32,0.05415214272809202,0.055236729452054795,-0.0010845867239627804,0.018941870394156946,1.0,1.0,0.0,0.11350325555937198,0.5702340182648402,0.4806370057670494,0.08959701249779084
ER_AGE_LT50,BALANCED_ACCURACY,64,0.03610333568471377,0.03640075627853881,-0.00029742059382504015,0.01794686327053955,1.0,1.0,0.0,0.09277807547286625,0.5702340182648402,0.4806370057670494,0.08959701249779084
ER_AGE_LT50,BALANCED_ACCURACY,128,0.0270949444405392,0.02722970176940639,-0.0001347573288671894,0.014884946961687249,1.0,1.0,0.0,0.09064009699246785,0.5702340182648402,0.4806370057670494,0.08959701249779084
ER_AGE_LT50,BALANCED_ACCURACY,256,0.016737997715726097,0.01674455978881278,-6.562073086686659e-06,0.011851351523102469,1.0,1.0,0.0,0.09063252548295063,0.5702340182648402,0.4806370057670494,0.08959701249779084
ER_AGE_LT50,BRIER_UTILITY,16,0.039484791670447966,0.03955917988440853,-7.438821396056561e-05,0.005422622404316846,1.0,1.0,2.220446049250313e-16,0.10982845003864769,0.7425284240917235,0.6334716929534355,0.10905673113828795
ER_AGE_LT50,BRIER_UTILITY,32,0.029615584003244436,0.029719448996890323,-0.00010386499364588909,0.004855382958747647,1.0,1.0,1.1102230246251565e-16,0.11340927657506324,0.7425284240917235,0.6334716929534355,0.10905673113828795
ER_AGE_LT50,BRIER_UTILITY,64,0.019198186710788257,0.019203407473580368,-5.220762792110811e-06,0.004254902697928211,1.0,1.0,2.220446049250313e-16,0.10761204451066388,0.7425284240917235,0.6334716929534355,0.10905673113828795
ER_AGE_LT50,BRIER_UTILITY,128,0.013703926537097828,0.013720002141173573,-1.607560407574482e-05,0.0033093522334372806,1.0,1.0,2.220446049250313e-16,0.10933043891475729,0.7425284240917235,0.6334716929534355,0.10905673113828795
ER_AGE_LT50,BRIER_UTILITY,256,0.009635847718589262,0.009623954833153031,1.189288543622935e-05,0.002551254376816584,1.0,1.0,2.220446049250313e-16,0.1091724008480682,0.7425284240917235,0.6334716929534355,0.10905673113828795
ER_AGE_LT50,SENSITIVITY,16,0.12176596848257937,0.12595833333333334,-0.004192364850753963,0.04515055969024496,1.0,1.0,0.0,0.19256600778714847,0.26666666666666666,0.3319531056472802,0.06528643898061354
ER_AGE_LT50,SENSITIVITY,32,0.08391505908890927,0.08745833333333333,-0.0035432742444240534,0.04502025452437669,1.0,1.0,0.0,0.13716874535534726,0.26666666666666666,0.3319531056472802,0.06528643898061354
ER_AGE_LT50,SENSITIVITY,64,0.05499413725576795,0.05676041666666667,-0.0017662794108987197,0.041976721747783385,1.0,1.0,0.0,0.10440467550131373,0.26666666666666666,0.3319531056472802,0.06528643898061354
ER_AGE_LT50,SENSITIVITY,128,0.04102165533068702,0.042,-0.000978344669312985,0.03959475445182298,1.0,1.0,0.0,0.08319608233189532,0.26666666666666666,0.3319531056472802,0.06528643898061354
ER_AGE_LT50,SENSITIVITY,256,0.025364378968617,0.0255703125,-0.00020593353138300004,0.03542447233698209,1.0,1.0,0.0,0.06880154624371537,0.26666666666666666,0.3319531056472802,0.06528643898061354
ER_AGE_LT50,SPECIFICITY,16,0.08408094283642276,0.08359246575342466,0.0004884770829981011,0.023672139079960818,1.0,1.0,0.0,0.2607886481139406,0.8738013698630137,0.6293209058868185,0.24448046397619516
ER_AGE_LT50,SPECIFICITY,32,0.06486678277008413,0.06388099315068492,0.0009857896193992154,0.018382656194116026,1.0,1.0,0.0,0.2473295435845065,0.8738013698630137,0.6293209058868185,0.24448046397619516
ER_AGE_LT50,SPECIFICITY,64,0.04909329935975895,0.04801626712328767,0.001077032236471287,0.014707892377544558,1.0,1.0,0.0,0.24447230317204963,0.8738013698630137,0.6293209058868185,0.24448046397619516
ER_AGE_LT50,SPECIFICITY,128,0.03401594802378904,0.03359910102739726,0.00041684699639177926,0.01024082689017578,1.0,1.0,0.0,0.24671632364261556,0.8738013698630137,0.6293209058868185,0.24448046397619516
ER_AGE_LT50,SPECIFICITY,256,0.02219469103109647,0.021982876712328764,0.00021181431876770519,0.006936474887215613,1.0,1.0,0.0,0.24513221911318145,0.8738013698630137,0.6293209058868185,0.24448046397619516
ER_ALL,AUC,16,0.10894728012674594,0.11392109778005573,-0.004973817653309767,0.055433408516728344,1.0,1.0,0.0,0.20133200619679154,0.6174844556011143,0.6094858913369017,0.007998564264212638
ER_ALL,AUC,32,0.0862600547333428,0.08988327077185514,-0.0036232160385123247,0.047445466005593365,1.0,1.0,0.0,0.13961766515400978,0.6174844556011143,0.6094858913369017,0.007998564264212638
ER_ALL,AUC,64,0.05042500765451261,0.05283520014856686,-0.002410192494054245,0.04509637460940766,1.0,1.0,0.0,0.09787399129946475,0.6174844556011143,0.6094858913369017,0.007998564264212638
ER_ALL,AUC,128,0.03783557393374771,0.039595653397372574,-0.0017600794636248667,0.04427664950548046,1.0,1.0,0.0,0.06820451114171128,0.6174844556011143,0.6094858913369017,0.007998564264212638
ER_ALL,AUC,256,0.028220543541827233,0.029535851268142926,-0.0013153077263156959,0.04383958106752816,1.0,1.0,0.0,0.047086794238235204,0.6174844556011143,0.6094858913369017,0.007998564264212638
ER_ALL,BALANCED_ACCURACY,16,0.09018514579547471,0.09362552075119562,-0.0034403749557209225,0.036695989257370186,1.0,1.0,0.0,0.13540079268389366,0.5849001729266303,0.5773892276342196,0.007510945292410698
ER_ALL,BALANCED_ACCURACY,32,0.07230039891949598,0.07496822924880436,-0.002667830329308377,0.03573819332748142,1.0,1.0,0.0,0.09941265751988208,0.5849001729266303,0.5773892276342196,0.007510945292410698
ER_ALL,BALANCED_ACCURACY,64,0.0417674439139401,0.04349487845853261,-0.001727434544592505,0.03788238270851068,1.0,1.0,0.0,0.0664320020328023,0.5849001729266303,0.5773892276342196,0.007510945292410698
ER_ALL,BALANCED_ACCURACY,128,0.028759438584368757,0.03005494787559782,-0.0012955092912290641,0.039280000424965975,1.0,1.0,0.0,0.04539116107852486,0.5849001729266303,0.5773892276342196,0.007510945292410698
ER_ALL,BALANCED_ACCURACY,256,0.021713299475873974,0.02267026914513588,-0.0009569696692619007,0.03798613127098843,1.0,1.0,0.0,0.03433078887424741,0.5849001729266303,0.5773892276342196,0.007510945292410698
ER_ALL,BRIER_UTILITY,16,0.035441336730974035,0.03572516719874082,-0.00028383046776677746,0.008043592497839026,1.0,1.0,2.220446049250313e-16,0.05199137911969659,0.7475388833028792,0.7302239148206058,0.01731496848227343
ER_ALL,BRIER_UTILITY,32,0.02909600625073264,0.029305118167757008,-0.0002091119170243694,0.007243716502137446,1.0,1.0,2.220446049250313e-16,0.043441386024297195,0.7475388833028792,0.7302239148206058,0.01731496848227343
ER_ALL,BRIER_UTILITY,64,0.018087467429671843,0.01821392712885945,-0.00012645969918760437,0.007490177557751947,1.0,1.0,2.220446049250313e-16,0.030415626319050464,0.7475388833028792,0.7302239148206058,0.01731496848227343
ER_ALL,BRIER_UTILITY,128,0.013127753770922346,0.013203776915638444,-7.602314471609695e-05,0.007594352567499412,1.0,1.0,2.220446049250313e-16,0.022921724268231296,0.7475388833028792,0.7302239148206058,0.01731496848227343
ER_ALL,BRIER_UTILITY,256,0.009753281791331165,0.00981410570788655,-6.082391655538255e-05,0.007176250655287403,1.0,1.0,2.220446049250313e-16,0.020962296599682687,0.7475388833028792,0.7302239148206058,0.01731496848227343
ER_ALL,SENSITIVITY,16,0.13165034398046693,0.13873551564310543,-0.007085171662638522,0.07091362097030009,1.0,1.0,0.0,0.21106473362427747,0.4165701042873696,0.4287053275144505,0.012135223227080882
ER_ALL,SENSITIVITY,32,0.10197555388470197,0.1086467989571263,-0.006671245072424319,0.07076741625194474,1.0,1.0,0.0,0.14818303275144504,0.4165701042873696,0.4287053275144505,0.012135223227080882
ER_ALL,SENSITIVITY,64,0.06113091701243812,0.06613231460023175,-0.00500139758779363,0.07412463719219035,1.0,1.0,0.0,0.09736807991271675,0.4165701042873696,0.4287053275144505,0.012135223227080882
ER_ALL,SENSITIVITY,128,0.04392888863477796,0.04754435834298957,-0.00361546970821161,0.07252018700391773,1.0,1.0,0.0,0.07133704912716758,0.4165701042873696,0.4287053275144505,0.012135223227080882
ER_ALL,SENSITIVITY,256,0.03300888552214195,0.03579813332850521,-0.0027892478063632643,0.07310185916321457,1.0,1.0,0.0,0.05016026326473983,0.4165701042873696,0.4287053275144505,0.012135223227080882
ER_ALL,SPECIFICITY,16,0.11038287116213369,0.11524716522279058,-0.004864294060656889,0.0607337849554048,1.0,1.0,0.0,0.16758843612300559,0.753230241565891,0.7260731277539888,0.027157113811902223
ER_ALL,SPECIFICITY,32,0.08499905130113229,0.08910532657224801,-0.004106275271115733,0.056914421838964724,1.0,1.0,0.0,0.1274833083697941,0.753230241565891,0.7260731277539888,0.027157113811902223
ER_ALL,SPECIFICITY,64,0.06258950940191048,0.06621243550604654,-0.0036229261041360542,0.05491650578223144,1.0,1.0,0.0,0.09809852092487387,0.753230241565891,0.7260731277539888,0.027157113811902223
ER_ALL,SPECIFICITY,128,0.03734531223427494,0.0393073991565891,-0.0019620869223141613,0.059667388364987355,1.0,1.0,0.0,0.06251974944920224,0.753230241565891,0.7260731277539888,0.027157113811902223
ER_ALL,SPECIFICITY,256,0.028673755990522333,0.030425923427751987,-0.0017521674372296548,0.0555055538476626,1.0,1.0,0.0,0.05158006442701488,0.753230241565891,0.7260731277539888,0.027157113811902223
ER_DIAGNOSES_GE7,AUC,16,0.11578934616642218,0.12032347364726298,-0.004534127480840796,0.05217840473774065,1.0,1.0,0.0,0.21085781958020097,0.6026001882338359,0.6112315343505768,0.008631346116740879
ER_DIAGNOSES_GE7,AUC,32,0.08057282204843197,0.08422179179427806,-0.0036489697458460865,0.04821945502496169,1.0,1.0,0.0,0.1376608664123558,0.6026001882338359,0.6112315343505768,0.008631346116740879
ER_DIAGNOSES_GE7,AUC,64,0.05319374344881586,0.055684809018469845,-0.0024910655696539848,0.04538776260043137,1.0,1.0,0.0,0.10208539061071828,0.6026001882338359,0.6112315343505768,0.008631346116740879
ER_DIAGNOSES_GE7,AUC,128,0.03840299366826304,0.04024718604238149,-0.0018441923741184501,0.044966079730617246,1.0,1.0,0.0,0.06789140270989952,0.6026001882338359,0.6112315343505768,0.008631346116740879
ER_DIAGNOSES_GE7,AUC,256,0.026502664173025145,0.027704762985684302,-0.0012020988126591602,0.043927441004965,1.0,1.0,0.0,0.04927967687969853,0.6026001882338359,0.6112315343505768,0.008631346116740879
ER_DIAGNOSES_GE7,BALANCED_ACCURACY,16,0.10109824902092583,0.10474941566710343,-0.0036511666461775862,0.03943113614665225,1.0,1.0,0.0,0.13829611810929474,0.575029216644829,0.5791348706478947,0.0041056540030657285
ER_DIAGNOSES_GE7,BALANCED_ACCURACY,32,0.06609361771462322,0.06880899400262053,-0.0027153762879973077,0.0387375911210675,1.0,1.0,0.0,0.09422646400507105,0.575029216644829,0.5791348706478947,0.0041056540030657285
ER_DIAGNOSES_GE7,BALANCED_ACCURACY,64,0.04447992224446132,0.04646816566710342,-0.001988243422642103,0.04053518612325473,1.0,1.0,0.0,0.06560241788563421,0.575029216644829,0.5791348706478947,0.0041056540030657285
ER_DIAGNOSES_GE7,BALANCED_ACCURACY,128,0.03179424396751113,0.033200203335517105,-0.0014059593680059799,0.03994855183954789,1.0,1.0,0.0,0.04621998383098684,0.575029216644829,0.5791348706478947,0.0041056540030657285
ER_DIAGNOSES_GE7,BALANCED_ACCURACY,256,0.02218969485398498,0.02318359375,-0.0009938988960150202,0.040418269931657654,1.0,1.0,0.0,0.03355935064070526,0.575029216644829,0.5791348706478947,0.0041056540030657285
ER_DIAGNOSES_GE7,BRIER_UTILITY,16,0.03922900979255514,0.03954037271063568,-0.0003113629180805305,0.008310817215760297,1.0,1.0,2.220446049250313e-16,0.05480727399428772,0.7414869409177647,0.7319695578342809,0.009517383083483821
ER_DIAGNOSES_GE7,BRIER_UTILITY,32,0.027095254080777908,0.027289280183965613,-0.00019402610318770274,0.007285845900847707,1.0,1.0,2.220446049250313e-16,0.040815957199804326,0.7414869409177647,0.7319695578342809,0.009517383083483821
ER_DIAGNOSES_GE7,BRIER_UTILITY,64,0.018277021171650375,0.018412190265277958,-0.00013516909362758234,0.00776217323766239,1.0,1.0,2.220446049250313e-16,0.027192449868296914,0.7414869409177647,0.7319695578342809,0.009517383083483821
ER_DIAGNOSES_GE7,BRIER_UTILITY,128,0.013593306004042358,0.013708120131371553,-0.00011481412732919583,0.00776692829416429,1.0,1.0,2.220446049250313e-16,0.021388187702640345,0.7414869409177647,0.7319695578342809,0.009517383083483821
ER_DIAGNOSES_GE7,BRIER_UTILITY,256,0.009168312240996533,0.009239138505335157,-7.08262643386237e-05,0.007578286853613866,1.0,1.0,2.220446049250313e-16,0.015729232487794943,0.7414869409177647,0.7319695578342809,0.009517383083483821
ER_DIAGNOSES_GE7,SENSITIVITY,16,0.1521106438023783,0.1599113355237727,-0.007800691721394414,0.07053294618071354,1.0,1.0,0.0,0.22225098310476546,0.4313877077696173,0.4304509705281256,0.0009367372414917363
ER_DIAGNOSES_GE7,SENSITIVITY,32,0.09051515148787398,0.0974586876691148,-0.006943536181240823,0.07409061212899912,1.0,1.0,0.0,0.14278196117887498,0.4313877077696173,0.4304509705281256,0.0009367372414917363
ER_DIAGNOSES_GE7,SENSITIVITY,64,0.06000845710120423,0.06514247922303827,-0.005134022121834034,0.07546284886012047,1.0,1.0,0.0,0.09704536897870306,0.4313877077696173,0.4304509705281256,0.0009367372414917363
ER_DIAGNOSES_GE7,SENSITIVITY,128,0.04633932009121493,0.050288612533822954,-0.0039492924426080345,0.07329213451760812,1.0,1.0,0.0,0.07387748912606242,0.4313877077696173,0.4304509705281256,0.0009367372414917363
ER_DIAGNOSES_GE7,SENSITIVITY,256,0.032272503590731076,0.03515625,-0.0028837464092689247,0.0763956381717961,1.0,1.0,0.0,0.04743892235774995,0.4313877077696173,0.4304509705281256,0.0009367372414917363
ER_DIAGNOSES_GE7,SPECIFICITY,16,0.12814655494471294,0.13625475646879756,-0.008108201524084625,0.06632317643224232,1.0,1.0,0.0,0.18011208720818586,0.7186707255200406,0.7278187707676639,0.009148045247623249
ER_DIAGNOSES_GE7,SPECIFICITY,32,0.08562314682653403,0.09126109842719432,-0.005637951600660287,0.06332876661632399,1.0,1.0,0.0,0.12367030730808404,0.7186707255200406,0.7278187707676639,0.009148045247623249
ER_DIAGNOSES_GE7,SPECIFICITY,64,0.05817581255563365,0.06204710489599188,-0.003871292340358222,0.0645156043116822,1.0,1.0,0.0,0.0878278114616168,0.7186707255200406,0.7278187707676639,0.009148045247623249
ER_DIAGNOSES_GE7,SPECIFICITY,128,0.04440324678025486,0.047129986364789433,-0.0027267395845345806,0.06208249494831082,1.0,1.0,0.0,0.06642371968454487,0.7186707255200406,0.7278187707676639,0.009148045247623249
ER_DIAGNOSES_GE7,SPECIFICITY,256,0.028451389230072562,0.030509397989599188,-0.002058008759526625,0.06455706102560803,1.0,1.0,0.0,0.044453908845957985,0.7186707255200406,0.7278187707676639,0.009148045247623249
ER_DIAGNOSES_LE6,AUC,16,0.10793588357877533,0.11098153582526118,-0.00304565224648585,0.04611293011635155,1.0,1.0,0.0,0.20772835882239907,0.6430682165052236,0.5600962229221152,0.08297199358310836
ER_DIAGNOSES_LE6,AUC,32,0.07924441391796845,0.08207492377421646,-0.0028305098562480054,0.03807521388178173,1.0,1.0,0.0,0.15401439302887987,0.6430682165052236,0.5600962229221152,0.08297199358310836
ER_DIAGNOSES_LE6,AUC,64,0.05598920296288486,0.05765601466682093,-0.0016668117039360733,0.0346564839104925,1.0,1.0,0.0,0.1225300000691299,0.6430682165052236,0.5600962229221152,0.08297199358310836
ER_DIAGNOSES_LE6,AUC,128,0.03783023594227555,0.03831069169541789,-0.0004804557531423309,0.03239340367077309,1.0,1.0,0.0,0.09533047893877172,0.6430682165052236,0.5600962229221152,0.08297199358310836
ER_DIAGNOSES_LE6,AUC,256,0.027515653811621386,0.027815784523384804,-0.0003001307117634222,0.0269511965777456,1.0,1.0,0.0,0.09064296995889676,0.6430682165052236,0.5600962229221152,0.08297199358310836
ER_DIAGNOSES_LE6,BALANCED_ACCURACY,16,0.08605954543820905,0.08858552240971512,-0.0025259769715060667,0.02730317265994222,1.0,1.0,0.0,0.14364763443807288,0.6029331465857073,0.5279995592194332,0.07493358736627409
ER_DIAGNOSES_LE6,BALANCED_ACCURACY,32,0.06107262455918238,0.062269738795142436,-0.0011971142359600553,0.026648369739732853,1.0,1.0,0.0,0.10957144614735222,0.6029331465857073,0.5279995592194332,0.07493358736627409
ER_DIAGNOSES_LE6,BALANCED_ACCURACY,64,0.04483992396888891,0.045790842670714635,-0.0009509187018257256,0.02611257481185206,1.0,1.0,0.0,0.09178032617761943,0.6029331465857073,0.5279995592194332,0.07493358736627409
ER_DIAGNOSES_LE6,BALANCED_ACCURACY,128,0.030949336304448877,0.03101425991957024,-6.492361512136557e-05,0.024384205942377807,1.0,1.0,0.0,0.07613850186738462,0.6029331465857073,0.5279995592194332,0.07493358736627409
ER_DIAGNOSES_LE6,BALANCED_ACCURACY,256,0.019329554067094315,0.019583673057286345,-0.0002541189901920271,0.01969079820123407,1.0,1.0,0.0,0.07737809262276113,0.6029331465857073,0.5279995592194332,0.07493358736627409
ER_DIAGNOSES_LE6,BRIER_UTILITY,16,0.03730784147826342,0.037424871324282766,-0.00011702984601933531,0.006134600847942078,1.0,1.0,1.1102230246251565e-16,0.08631100159375388,0.7590559279495936,0.6808342464058194,0.07822168154377429
ER_DIAGNOSES_LE6,BRIER_UTILITY,32,0.026359497402260606,0.026447092716097496,-8.759531383689178e-05,0.005598935720441203,1.0,1.0,1.1102230246251565e-16,0.08129595158660413,0.7590559279495936,0.6808342464058194,0.07822168154377429
ER_DIAGNOSES_LE6,BRIER_UTILITY,64,0.019360966968347104,0.01942369877742617,-6.27318090790674e-05,0.00495917457649344,1.0,1.0,2.220446049250313e-16,0.08099171090970236,0.7590559279495936,0.6808342464058194,0.07822168154377429
ER_DIAGNOSES_LE6,BRIER_UTILITY,128,0.012958692651690302,0.01293990369511648,1.8788956573819738e-05,0.004368429468596787,1.0,1.0,2.220446049250313e-16,0.07803554761640992,0.7590559279495936,0.6808342464058194,0.07822168154377429
ER_DIAGNOSES_LE6,BRIER_UTILITY,256,0.009319382346563545,0.009324057946563295,-4.675599999749979e-06,0.0035452654287622836,1.0,1.0,2.220446049250313e-16,0.07865602999137385,0.7590559279495936,0.6808342464058194,0.07822168154377429
ER_DIAGNOSES_LE6,SENSITIVITY,16,0.1335930380542303,0.13935404624277456,-0.005761008188544256,0.05957698999681378,1.0,1.0,0.0,0.20754315659099665,0.3722543352601156,0.379315659099664,0.007061323839548439
ER_DIAGNOSES_LE6,SENSITIVITY,32,0.09046768238898664,0.09622904624277456,-0.005761363853787929,0.061199014724582994,1.0,1.0,0.0,0.14051864966141095,0.3722543352601156,0.379315659099664,0.007061323839548439
ER_DIAGNOSES_LE6,SENSITIVITY,64,0.06405602833790984,0.0683067196531792,-0.004250691315269357,0.060851421986874016,1.0,1.0,0.0,0.10048589693343785,0.3722543352601156,0.379315659099664,0.007061323839548439
ER_DIAGNOSES_LE6,SENSITIVITY,128,0.04617903558326669,0.049241961705202314,-0.0030629261219356154,0.06024745597946434,1.0,1.0,0.0,0.06996580216044793,0.3722543352601156,0.379315659099664,0.007061323839548439
ER_DIAGNOSES_LE6,SENSITIVITY,256,0.028841603141293998,0.0308984375,-0.002056834358706003,0.06026572748631356,1.0,1.0,0.0,0.047219144887458,0.3722543352601156,0.379315659099664,0.007061323839548439
ER_DIAGNOSES_LE6,SPECIFICITY,16,0.10717833792594363,0.10847201052217524,-0.001293672596231614,0.034018480776600774,1.0,1.0,0.0,0.21207873630881416,0.833611957911299,0.6766834593392024,0.15692849857209668
ER_DIAGNOSES_LE6,SPECIFICITY,32,0.08056497144590047,0.08092914126266101,-0.0003641698167605578,0.032397238908575904,1.0,1.0,0.0,0.1812254092757743,0.833611957911299,0.6766834593392024,0.15692849857209668
ER_DIAGNOSES_LE6,SPECIFICITY,64,0.051661429774367155,0.05203596715507916,-0.00037453738071200503,0.02854941458935459,1.0,1.0,0.0,0.16489713470462986,0.833611957911299,0.6766834593392024,0.15692849857209668
ER_DIAGNOSES_LE6,SPECIFICITY,128,0.04027222146538145,0.03948655994935588,0.0007856615160255636,0.024128269274431645,1.0,1.0,0.0,0.15457258862775775,0.833611957911299,0.6766834593392024,0.15692849857209668
ER_DIAGNOSES_LE6,SPECIFICITY,256,0.024701787387705013,0.02439825542088701,0.0003035319668180042,0.016696866602235363,1.0,1.0,0.0,0.1579259156607976,0.833611957911299,0.6766834593392024,0.15692849857209668
ER_FEMALE,AUC,16,0.11105510303300102,0.11553337669572893,-0.004478273662727897,0.05284654329230645,1.0,1.0,0.0,0.21081186709869124,0.6213187217378514,0.6116835440349006,0.009635177702950859
ER_FEMALE,AUC,32,0.0792073352634591,0.08276740455427108,-0.003560069290811978,0.04785461026958547,1.0,1.0,0.0,0.14167694627110036,0.6213187217378514,0.6116835440349006,0.009635177702950859
ER_FEMALE,AUC,64,0.05484141099876896,0.05738577842378514,-0.002544367425016183,0.04541399526869871,1.0,1.0,0.0,0.09772367883511393,0.6213187217378514,0.6116835440349006,0.009635177702950859
ER_FEMALE,AUC,128,0.03965385192786452,0.04148566627302109,-0.001831814345156565,0.043716445762447334,1.0,1.0,0.0,0.07085268989694621,0.6213187217378514,0.6116835440349006,0.009635177702950859
ER_FEMALE,AUC,256,0.02356374067465264,0.024674647332239456,-0.0011109066575868188,0.0431513262967975,1.0,1.0,0.0,0.04933192643816772,0.6213187217378514,0.6116835440349006,0.009635177702950859
ER_FEMALE,BALANCED_ACCURACY,16,0.09171875213816288,0.09498707747870501,-0.0032683253405421187,0.03823806713084425,1.0,1.0,0.0,0.13613077115515052,0.5891011068386429,0.5795868803322185,0.009514226506424417
ER_FEMALE,BALANCED_ACCURACY,32,0.06401299933960777,0.06654185611097642,-0.0025288567713686403,0.03673340541808235,1.0,1.0,0.0,0.09573967200830547,0.5891011068386429,0.5795868803322185,0.009514226506424417
ER_FEMALE,BALANCED_ACCURACY,64,0.04548286462899524,0.047356672521294996,-0.001873807892299758,0.03871883667097871,1.0,1.0,0.0,0.06523712756511706,0.5891011068386429,0.5795868803322185,0.009514226506424417
ER_FEMALE,BALANCED_ACCURACY,128,0.0328599831423602,0.03428751822645428,-0.0014275350840940787,0.038696758749935396,1.0,1.0,0.0,0.04871596848338908,0.5891011068386429,0.5795868803322185,0.009514226506424417
ER_FEMALE,BALANCED_ACCURACY,256,0.020652931692850568,0.021540220705159284,-0.0008872890123087229,0.03958910618345577,1.0,1.0,0.0,0.03133339305681159,0.5891011068386429,0.5795868803322185,0.009514226506424417
ER_FEMALE,BRIER_UTILITY,16,0.03608569528843989,0.036348272901415776,-0.00026257761297588945,0.007726206222245221,1.0,1.0,2.220446049250313e-16,0.05529697769531517,0.7486672054183466,0.7324215675186047,0.016245637899741983
ER_FEMALE,BRIER_UTILITY,32,0.027063366413366974,0.02724780238835532,-0.0001844359749883484,0.007555438866588853,1.0,1.0,1.1102230246251565e-16,0.03992146805414258,0.7486672054183466,0.7324215675186047,0.016245637899741983
ER_FEMALE,BRIER_UTILITY,64,0.019141704216603227,0.01925925136490124,-0.00011754714829801005,0.007417720140552444,1.0,1.0,1.1102230246251565e-16,0.030839015513290026,0.7486672054183466,0.7324215675186047,0.016245637899741983
ER_FEMALE,BRIER_UTILITY,128,0.013982195227480444,0.014074604089184007,-9.240886170356344e-05,0.0076727939581199564,1.0,1.0,2.220446049250313e-16,0.02229924820943591,0.7486672054183466,0.7324215675186047,0.016245637899741983
ER_FEMALE,BRIER_UTILITY,256,0.008233256777159992,0.008279883521496162,-4.6626744336170645e-05,0.00740655415469332,1.0,1.0,2.220446049250313e-16,0.018643823405318883,0.7486672054183466,0.7324215675186047,0.016245637899741983
ER_FEMALE,SENSITIVITY,16,0.14211814666846367,0.14958366245392313,-0.007465515785459449,0.07253906713264995,1.0,1.0,0.0,0.20702600826494585,0.4291732490784623,0.4309029802124493,0.0017297311339870003
ER_FEMALE,SENSITIVITY,32,0.09272839833364153,0.09943671011058453,-0.006708311776942988,0.07316915409107595,1.0,1.0,0.0,0.14373264901062247,0.4291732490784623,0.4309029802124493,0.0017297311339870003
ER_FEMALE,SENSITIVITY,64,0.0601205615879419,0.06515526263823065,-0.005034701050288756,0.07459350426833276,1.0,1.0,0.0,0.09953296687981732,0.4291732490784623,0.4309029802124493,0.0017297311339870003
ER_FEMALE,SENSITIVITY,128,0.04967710994000227,0.05384355252764613,-0.004166442587643865,0.0742966837624332,1.0,1.0,0.0,0.07159024336388362,0.4291732490784623,0.4309029802124493,0.0017297311339870003
ER_FEMALE,SENSITIVITY,256,0.030274582485284602,0.032931765073723016,-0.0026571825884384114,0.0746805412513217,1.0,1.0,0.0,0.049185764901062246,0.4291732490784623,0.4309029802124493,0.0017297311339870003
ER_FEMALE,SPECIFICITY,16,0.10272895995826051,0.10720515203639996,-0.004476192078139458,0.06456672932929917,1.0,1.0,0.0,0.156163671480786,0.7490289645988236,0.7282707804519877,0.020758184146835945
ER_FEMALE,SPECIFICITY,32,0.08026549700754682,0.08435381062035292,-0.004088313612806102,0.05786195583655043,1.0,1.0,0.0,0.12851585025536394,0.7490289645988236,0.7282707804519877,0.020758184146835945
ER_FEMALE,SPECIFICITY,64,0.05434295933638846,0.05787958814227057,-0.0035366288058821067,0.06140444381090039,1.0,1.0,0.0,0.08523460025536395,0.7490289645988236,0.7282707804519877,0.020758184146835945
ER_FEMALE,SPECIFICITY,128,0.03607656407952075,0.03837879570802353,-0.002302231628502774,0.06105077257731503,1.0,1.0,0.0,0.06257698524802141,0.7490289645988236,0.7282707804519877,0.020758184146835945
ER_FEMALE,SPECIFICITY,256,0.02727687101088702,0.028945091416047054,-0.001668220405160033,0.06115118748207578,1.0,1.0,0.0,0.0438625158644037,0.7490289645988236,0.7282707804519877,0.020758184146835945
ER_INSULIN_ACTIVE,AUC,16,0.10773485626298589,0.11172081674111123,-0.003985960478125345,0.05113448218979306,1.0,1.0,0.0,0.20470841755485744,0.6169808258888773,0.5933316489028514,0.023649176986025866
ER_INSULIN_ACTIVE,AUC,32,0.07690872260586226,0.08032076696444491,-0.0034120443585826487,0.04578743803628223,1.0,1.0,0.0,0.13746298006268737,0.6169808258888773,0.5933316489028514,0.023649176986025866
ER_INSULIN_ACTIVE,AUC,64,0.053738764111494766,0.05603647366083368,-0.0022977095493389174,0.04286660299906084,1.0,1.0,0.0,0.10084295678682942,0.6169808258888773,0.5933316489028514,0.023649176986025866
ER_INSULIN_ACTIVE,AUC,128,0.03839903514702616,0.03997267315840254,-0.0015736380113763825,0.04236160545873968,1.0,1.0,0.0,0.06845000134011607,0.6169808258888773,0.5933316489028514,0.023649176986025866
ER_INSULIN_ACTIVE,AUC,256,0.02760898447571355,0.02873030255293379,-0.0011213180772202452,0.040059266742371376,1.0,1.0,0.0,0.05261957048980191,0.6169808258888773,0.5933316489028514,0.023649176986025866
ER_INSULIN_ACTIVE,BALANCED_ACCURACY,16,0.09843768052299748,0.10193598464132714,-0.0034983041183296567,0.038926807884969515,1.0,1.0,0.0,0.14515812684997884,0.5876515358672865,0.5612349852001693,0.026416550667117122
ER_INSULIN_ACTIVE,BALANCED_ACCURACY,32,0.06644335296443614,0.06924185067450551,-0.002798497710069381,0.038978654432550025,1.0,1.0,0.0,0.09938695562393565,0.5876515358672865,0.5612349852001693,0.026416550667117122
ER_INSULIN_ACTIVE,BALANCED_ACCURACY,64,0.043751979380577455,0.04556401535867287,-0.0018120359780954105,0.039339278914015625,1.0,1.0,0.0,0.06829320562393565,0.5876515358672865,0.5612349852001693,0.026416550667117122
ER_INSULIN_ACTIVE,BALANCED_ACCURACY,128,0.031096536823488057,0.032119746804074374,-0.0010232099805863209,0.038548042003394255,1.0,1.0,0.0,0.050283169011925484,0.5876515358672865,0.5612349852001693,0.026416550667117122
ER_INSULIN_ACTIVE,BALANCED_ACCURACY,256,0.024596287759480067,0.02553451642398141,-0.0009382286645013393,0.03664172206012625,1.0,1.0,0.0,0.039754157177917866,0.5876515358672865,0.5612349852001693,0.026416550667117122
ER_INSULIN_ACTIVE,BRIER_UTILITY,16,0.03583816040881933,0.036034403860661965,-0.00019624345184263424,0.006699350778420128,1.0,1.0,2.220446049250313e-16,0.05740493018225542,0.7421439956658623,0.7140696723865555,0.028074323279306812
ER_INSULIN_ACTIVE,BRIER_UTILITY,32,0.025893746324199846,0.02605022810975518,-0.000156481785555328,0.007116815299472742,1.0,1.0,2.220446049250313e-16,0.045619399923729424,0.7421439956658623,0.7140696723865555,0.028074323279306812
ER_INSULIN_ACTIVE,BRIER_UTILITY,64,0.018057211921562892,0.018153356686236945,-9.614476467405209e-05,0.007064313760701975,1.0,1.0,2.220446049250313e-16,0.033007544162663424,0.7421439956658623,0.7140696723865555,0.028074323279306812
ER_INSULIN_ACTIVE,BRIER_UTILITY,128,0.01311662349622518,0.013190716050613178,-7.409255438799778e-05,0.006568801494043594,1.0,1.0,2.220446049250313e-16,0.03132022436434292,0.7421439956658623,0.7140696723865555,0.028074323279306812
ER_INSULIN_ACTIVE,BRIER_UTILITY,256,0.009452673314741367,0.009483019271688488,-3.034595694712261e-05,0.006079143224639419,1.0,1.0,2.220446049250313e-16,0.028172031143664133,0.7421439956658623,0.7140696723865555,0.028074323279306812
ER_INSULIN_ACTIVE,SENSITIVITY,16,0.12793876119730718,0.13528170859538782,-0.007342947398080661,0.06873522211180856,1.0,1.0,0.0,0.22148416362507597,0.4868972746331237,0.41255108508040017,0.07434618955272354
ER_INSULIN_ACTIVE,SENSITIVITY,32,0.09743364090303645,0.10420335429769391,-0.006769713394657459,0.06884835403272953,1.0,1.0,0.0,0.15811222872989997,0.4868972746331237,0.41255108508040017,0.07434618955272354
ER_INSULIN_ACTIVE,SENSITIVITY,64,0.07215740282855503,0.07603839098532494,-0.003880988156769916,0.06450224033345633,1.0,1.0,0.0,0.1275387454376139,0.4868972746331237,0.41255108508040017,0.07434618955272354
ER_INSULIN_ACTIVE,SENSITIVITY,128,0.0423043640411683,0.04326159591194969,-0.0009572318707813957,0.06721921382216839,1.0,1.0,0.0,0.08538147373600591,0.4868972746331237,0.41255108508040017,0.07434618955272354
ER_INSULIN_ACTIVE,SENSITIVITY,256,0.03744826062485213,0.038310485455974846,-0.000862224831122714,0.06022857521551093,1.0,1.0,0.0,0.07653557464532788,0.4868972746331237,0.41255108508040017,0.07434618955272354
ER_INSULIN_ACTIVE,SPECIFICITY,16,0.12884288547183684,0.13692028985507246,-0.008077404383235615,0.06565560308799974,1.0,1.0,0.0,0.1787227121104172,0.6884057971014492,0.7099188853199385,0.021513088218489296
ER_INSULIN_ACTIVE,SPECIFICITY,32,0.08517728019755515,0.08977807971014493,-0.004600799512589784,0.06248596476937892,1.0,1.0,0.0,0.13014601704140646,0.6884057971014492,0.7099188853199385,0.021513088218489296
ER_INSULIN_ACTIVE,SPECIFICITY,64,0.055480440290802804,0.05920742753623188,-0.0037269872454290726,0.06392072284637237,1.0,1.0,0.0,0.09344100460978372,0.6884057971014492,0.7099188853199385,0.021513088218489296
ER_INSULIN_ACTIVE,SPECIFICITY,128,0.043872785705185394,0.046577219202898555,-0.0027044334977131585,0.06182964904599561,1.0,1.0,0.0,0.06787025270639876,0.6884057971014492,0.7099188853199385,0.021513088218489296
ER_INSULIN_ACTIVE,SPECIFICITY,256,0.03190647602645749,0.03390908061594203,-0.002002604589484537,0.06145608426889826,1.0,1.0,0.0,0.049859122843786775,0.6884057971014492,0.7099188853199385,0.021513088218489296
ER_INSULIN_NONE,AUC,16,0.10848271353629173,0.11206783713385854,-0.0035851235975668206,0.046737881873565756,1.0,1.0,0.0,0.20434132017229217,0.6163681276152961,0.5636226609235946,0.05274546669170155
ER_INSULIN_NONE,AUC,32,0.08453784721550833,0.08748675635461184,-0.002948909139103506,0.041002913309176325,1.0,1.0,0.0,0.14331308476910135,0.6163681276152961,0.5636226609235946,0.05274546669170155
ER_INSULIN_NONE,AUC,64,0.04785208283615539,0.049627334348847044,-0.001775251512691646,0.03876393495915419,1.0,1.0,0.0,0.10420098755684284,0.6163681276152961,0.5636226609235946,0.05274546669170155
ER_INSULIN_NONE,AUC,128,0.036742656136930896,0.037973097525485194,-0.0012304413885543,0.03593652867099716,1.0,1.0,0.0,0.08151013519983176,0.6163681276152961,0.5636226609235946,0.05274546669170155
ER_INSULIN_NONE,AUC,256,0.026107605917303055,0.02667572021484375,-0.000568114297540695,0.03318169768203636,1.0,1.0,0.0,0.0650349111181354,0.6163681276152961,0.5636226609235946,0.05274546669170155
ER_INSULIN_NONE,BALANCED_ACCURACY,16,0.08384677058467767,0.08607399806479804,-0.002227227480120375,0.028306125998443493,1.0,1.0,0.0,0.12808084044465398,0.5774666021599351,0.5315259972209125,0.04594060493902252
ER_INSULIN_NONE,BALANCED_ACCURACY,32,0.057157622985931224,0.058723664086397405,-0.0015660411004661764,0.028423150771175708,1.0,1.0,0.0,0.09069155090320341,0.5774666021599351,0.5315259972209125,0.04594060493902252
ER_INSULIN_NONE,BALANCED_ACCURACY,64,0.038876255148869554,0.0397006679568013,-0.0008244128079317459,0.028703034583304508,1.0,1.0,0.0,0.06694155090320343,0.5774666021599351,0.5315259972209125,0.04594060493902252
ER_INSULIN_NONE,BALANCED_ACCURACY,128,0.027617385924762088,0.02818381443520195,-0.0005664285104398584,0.027184018235709432,1.0,1.0,0.0,0.05442265398681179,0.5774666021599351,0.5315259972209125,0.04594060493902252
ER_INSULIN_NONE,BALANCED_ACCURACY,256,0.019122149560085247,0.019407919892003248,-0.0002857703319180005,0.024279624480516973,1.0,1.0,0.0,0.04960182954262929,0.5774666021599351,0.5315259972209125,0.04594060493902252
ER_INSULIN_NONE,BRIER_UTILITY,16,0.0363052641717531,0.036480605482178026,-0.00017534131042492519,0.006418950825581364,1.0,1.0,2.220446049250313e-16,0.0807476293595633,0.7516689178176343,0.6843606844072987,0.06730823341033565
ER_INSULIN_NONE,BRIER_UTILITY,32,0.027667957803803805,0.027760976571737164,-9.30187679333594e-05,0.00590601381371288,1.0,1.0,2.220446049250313e-16,0.06821500111280054,0.7516689178176343,0.6843606844072987,0.06730823341033565
ER_INSULIN_NONE,BRIER_UTILITY,64,0.016063542549909805,0.016084542469857615,-2.099991994780892e-05,0.005183000694102233,1.0,1.0,2.220446049250313e-16,0.06738549537287683,0.7516689178176343,0.6843606844072987,0.06730823341033565
ER_INSULIN_NONE,BRIER_UTILITY,128,0.012092349500564372,0.012111685918266606,-1.9336417702233712e-05,0.004522278288825657,1.0,1.0,2.220446049250313e-16,0.0672683617220996,0.7516689178176343,0.6843606844072987,0.06730823341033565
ER_INSULIN_NONE,BRIER_UTILITY,256,0.008760367145482615,0.008750616534647765,9.750610834851626e-06,0.0038199822251558067,1.0,1.0,2.220446049250313e-16,0.06706494673995181,0.7516689178176343,0.6843606844072987,0.06730823341033565
ER_INSULIN_NONE,SENSITIVITY,16,0.1282329147606867,0.13350388601036267,-0.005270971249676,0.05879911130387016,1.0,1.0,0.0,0.20418368310865437,0.32966321243523317,0.38284209710114336,0.0531788846659102
ER_INSULIN_NONE,SENSITIVITY,32,0.09420037919879194,0.09927784974093264,-0.005077470542140707,0.05949272509889467,1.0,1.0,0.0,0.13657789049259456,0.32966321243523317,0.38284209710114336,0.0531788846659102
ER_INSULIN_NONE,SENSITIVITY,64,0.05889616459783233,0.06227979274611399,-0.003383628148281662,0.057008071718220046,1.0,1.0,0.0,0.10372736389113456,0.32966321243523317,0.38284209710114336,0.0531788846659102
ER_INSULIN_NONE,SENSITIVITY,128,0.04169714002625113,0.04382326748704664,-0.002126127460795507,0.05513372714280023,1.0,1.0,0.0,0.07915838326068603,0.32966321243523317,0.38284209710114336,0.0531788846659102
ER_INSULIN_NONE,SENSITIVITY,256,0.028710448853452496,0.02981764086787565,-0.0011071920144231553,0.05138697285798289,1.0,1.0,0.0,0.0643171490142832,0.32966321243523317,0.38284209710114336,0.0531788846659102
ER_INSULIN_NONE,SPECIFICITY,16,0.11806301867080438,0.11993250202884076,-0.0018694833580363763,0.03336123298214689,1.0,1.0,0.0,0.21754572545459894,0.825269991884637,0.6802098973406817,0.1450600945439553
ER_INSULIN_NONE,SPECIFICITY,32,0.07611825313373151,0.07639119951307821,-0.00027294637934671017,0.03369780431107581,1.0,1.0,0.0,0.17481146775515008,0.825269991884637,0.6802098973406817,0.1450600945439553
ER_INSULIN_NONE,SPECIFICITY,64,0.04958890451472943,0.04943210016230726,0.00015680435242216683,0.03127323806712232,1.0,1.0,0.0,0.15236834495986942,0.825269991884637,0.6802098973406817,0.1450600945439553
ER_INSULIN_NONE,SPECIFICITY,128,0.03618265996273815,0.036266601379611706,-8.394141687355416e-05,0.025903855129873688,1.0,1.0,0.0,0.14589430060613193,0.825269991884637,0.6802098973406817,0.1450600945439553
ER_INSULIN_NONE,SPECIFICITY,256,0.025249903664869552,0.02498948758115363,0.00026041608371592197,0.019044731390317215,1.0,1.0,0.0,0.14600104015931828,0.825269991884637,0.6802098973406817,0.1450600945439553
ER_LONG_STAY_GE5,AUC,16,0.11844135390359428,0.12236410483649031,-0.0039227509328960165,0.04772285051340588,1.0,1.0,0.0,0.20493156739560545,0.594327701635097,0.5689050783296871,0.025422623305409897
ER_LONG_STAY_GE5,AUC,32,0.07174705368718008,0.07459644435284128,-0.0028493906656611987,0.0423346558476194,1.0,1.0,0.0,0.14324197555472273,0.594327701635097,0.5689050783296871,0.025422623305409897
ER_LONG_STAY_GE5,AUC,64,0.05422523910584518,0.05635033886155291,-0.0021250997557077248,0.040952656261858504,1.0,1.0,0.0,0.09787848926241796,0.594327701635097,0.5689050783296871,0.025422623305409897
ER_LONG_STAY_GE5,AUC,128,0.039648476625478865,0.04119694206104806,-0.0015484654355691974,0.039003441986023415,1.0,1.0,0.0,0.0715853378588985,0.594327701635097,0.5689050783296871,0.025422623305409897
ER_LONG_STAY_GE5,AUC,256,0.02529702999195612,0.026229354664338903,-0.000932324672382785,0.03654013205768555,1.0,1.0,0.0,0.05480548528043374,0.594327701635097,0.5689050783296871,0.025422623305409897
ER_LONG_STAY_GE5,BALANCED_ACCURACY,16,0.08806877361736307,0.09093196561650459,-0.0028631919991415123,0.03595024583694901,1.0,1.0,0.0,0.14291995304924468,0.5693829512944953,0.536808414627005,0.03257453666749033
ER_LONG_STAY_GE5,BALANCED_ACCURACY,32,0.06680645600411407,0.0691946246423945,-0.002388168638280419,0.037356987301124155,1.0,1.0,0.0,0.10530135427011372,0.5693829512944953,0.536808414627005,0.03257453666749033
ER_LONG_STAY_GE5,BALANCED_ACCURACY,64,0.04853013318619334,0.05034968194822019,-0.0018195487620268473,0.03649254276657244,1.0,1.0,0.0,0.0739994853671391,0.5693829512944953,0.536808414627005,0.03257453666749033
ER_LONG_STAY_GE5,BALANCED_ACCURACY,128,0.03388271597412722,0.034998119448220184,-0.0011154034740929685,0.035243816633008566,1.0,1.0,0.0,0.058730655795468045,0.5693829512944953,0.536808414627005,0.03257453666749033
ER_LONG_STAY_GE5,BALANCED_ACCURACY,256,0.02164874887584205,0.02235952014644037,-0.000710771270598321,0.033938395145688555,1.0,1.0,0.0,0.04400569162006704,0.5693829512944953,0.536808414627005,0.03257453666749033
ER_LONG_STAY_GE5,BRIER_UTILITY,16,0.040095470020324084,0.040330534413147615,-0.0002350643928235291,0.006330290743945448,1.0,1.0,1.1102230246251565e-16,0.06928901372360141,0.7327259657286406,0.6896431018133912,0.0430828639152494
ER_LONG_STAY_GE5,BRIER_UTILITY,32,0.024057029239707844,0.02418311379120584,-0.00012608455149799635,0.00659283437075871,1.0,1.0,1.1102230246251565e-16,0.051467617901858505,0.7327259657286406,0.6896431018133912,0.0430828639152494
ER_LONG_STAY_GE5,BRIER_UTILITY,64,0.01870306774731247,0.01879784595309331,-9.477820578083995e-05,0.006136293678391497,1.0,1.0,2.220446049250313e-16,0.04660825611445703,0.7327259657286406,0.6896431018133912,0.0430828639152494
ER_LONG_STAY_GE5,BRIER_UTILITY,128,0.013821326965871511,0.013858479314541436,-3.715234866992545e-05,0.0057487764718344315,1.0,1.0,2.220446049250313e-16,0.04349544093986012,0.7327259657286406,0.6896431018133912,0.0430828639152494
ER_LONG_STAY_GE5,BRIER_UTILITY,256,0.008812945043099206,0.008823423737059473,-1.0478693960266905e-05,0.004871571781813816,1.0,1.0,2.220446049250313e-16,0.04356718547856371,0.7327259657286406,0.6896431018133912,0.0430828639152494
ER_LONG_STAY_GE5,SENSITIVITY,16,0.13371460648297656,0.13692255865567535,-0.003207952172698766,0.06544919212478796,1.0,1.0,0.0,0.2259689684717439,0.5003170577045022,0.38812451450723584,0.11219254319726635
ER_LONG_STAY_GE5,SENSITIVITY,32,0.09195021576532567,0.09443524096385542,-0.0024850251985297517,0.06355492471253747,1.0,1.0,0.0,0.16537202307529306,0.5003170577045022,0.38812451450723584,0.11219254319726635
ER_LONG_STAY_GE5,SENSITIVITY,64,0.07097676034299542,0.0727133203868104,-0.0017365600438149795,0.05974238578738568,1.0,1.0,0.0,0.13268771847174388,0.5003170577045022,0.38812451450723584,0.11219254319726635
ER_LONG_STAY_GE5,SENSITIVITY,128,0.04792865484758944,0.04869406903931515,-0.0007654141917257121,0.052822037839946205,1.0,1.0,0.0,0.11977538111181987,0.5003170577045022,0.38812451450723584,0.11219254319726635
ER_LONG_STAY_GE5,SENSITIVITY,256,0.03390597193826937,0.034443613268864935,-0.0005376413305955607,0.041968246701015156,1.0,1.0,0.0,0.11706296121812595,0.5003170577045022,0.38812451450723584,0.11219254319726635
ER_LONG_STAY_GE5,SPECIFICITY,16,0.12690779756706846,0.13451732673267328,-0.0076095291656048236,0.06207465731102525,1.0,1.0,0.0,0.1962085375091855,0.6384488448844885,0.6854923147467742,0.04704346986228569
ER_LONG_STAY_GE5,SPECIFICITY,32,0.09345681368585362,0.09960437293729374,-0.0061475592514401165,0.060762501289727044,1.0,1.0,0.0,0.145546001375621,0.6384488448844885,0.6854923147467742,0.04704346986228569
ER_LONG_STAY_GE5,SPECIFICITY,64,0.067765561245016,0.0720273308580858,-0.004261769613069808,0.06181879837288376,1.0,1.0,0.0,0.09829128842626612,0.6384488448844885,0.6854923147467742,0.04704346986228569
ER_LONG_STAY_GE5,SPECIFICITY,128,0.04617102097306007,0.04901505775577558,-0.00284403678271551,0.05980010644968823,1.0,1.0,0.0,0.07634296340789516,0.6384488448844885,0.6854923147467742,0.04704346986228569
ER_LONG_STAY_GE5,SPECIFICITY,256,0.030600533007183198,0.03192298370462046,-0.0013224506974372618,0.05628395832152812,1.0,1.0,0.0,0.06046722033192742,0.6384488448844885,0.6854923147467742,0.04704346986228569
ER_MALE,AUC,16,0.11918583289031663,0.12360337311256313,-0.0044175402222465,0.05181427191551368,1.0,1.0,0.0,0.21281241704321296,0.6128000943718437,0.6057666782527067,0.007033416119136993
ER_MALE,AUC,32,0.07708717251490624,0.08061537688743688,-0.0035282043725306344,0.047275498509751414,1.0,1.0,0.0,0.14235633078440452,0.6128000943718437,0.6057666782527067,0.007033416119136993
ER_MALE,AUC,64,0.052142105423622534,0.05450633714397094,-0.0023642317203484095,0.04448980019380405,1.0,1.0,0.0,0.09702562326209399,0.6128000943718437,0.6057666782527067,0.007033416119136993
ER_MALE,AUC,128,0.03656055268554021,0.03826301070934344,-0.001702458023803226,0.043491774396823224,1.0,1.0,0.0,0.0702103748262094,0.6128000943718437,0.6057666782527067,0.007033416119136993
ER_MALE,AUC,256,0.026079093570879217,0.027275807358814692,-0.0011967137879354756,0.04290640416321263,1.0,1.0,0.0,0.04881058113198573,0.6128000943718437,0.6057666782527067,0.007033416119136993
ER_MALE,BALANCED_ACCURACY,16,0.09271546808476495,0.09573678439050085,-0.0030213163057358884,0.03460434783129596,1.0,1.0,0.0,0.14156119796299657,0.5796071869833053,0.5736700145500246,0.005937172433280624
ER_MALE,BALANCED_ACCURACY,32,0.05888264474892322,0.061391428130166945,-0.0025087833812437233,0.03871728273564203,1.0,1.0,0.0,0.0898005021825037,0.5796071869833053,0.5736700145500246,0.005937172433280624
ER_MALE,BALANCED_ACCURACY,64,0.04293130240644028,0.044729190692170316,-0.0017978882857300341,0.03771027102810153,1.0,1.0,0.0,0.06527762281749631,0.5796071869833053,0.5736700145500246,0.005937172433280624
ER_MALE,BALANCED_ACCURACY,128,0.02990179416841381,0.031149021828497478,-0.0012472276600836647,0.03780995795193547,1.0,1.0,0.0,0.04538964847224741,0.5796071869833053,0.5736700145500246,0.005937172433280624
ER_MALE,BALANCED_ACCURACY,256,0.020784929167183303,0.021645334380166945,-0.0008604052129836434,0.03799465092251547,1.0,1.0,0.0,0.032138904431246916,0.5796071869833053,0.5736700145500246,0.005937172433280624
ER_MALE,BRIER_UTILITY,16,0.04016852759311975,0.040441889973108595,-0.00027336237998884516,0.007575949448892711,1.0,1.0,2.220446049250313e-16,0.05879675321856858,0.746143897123047,0.7265047017364108,0.019639195386636166
ER_MALE,BRIER_UTILITY,32,0.02543485957827836,0.025614016739237116,-0.00017915716095875557,0.0074012151983692855,1.0,1.0,2.220446049250313e-16,0.04168497579747377,0.746143897123047,0.7265047017364108,0.019639195386636166
ER_MALE,BRIER_UTILITY,64,0.018158360028228362,0.018281201485229492,-0.00012284145700113046,0.007494784281409635,1.0,1.0,1.1102230246251565e-16,0.03170569408902052,0.746143897123047,0.7265047017364108,0.019639195386636166
ER_MALE,BRIER_UTILITY,128,0.01286381596528957,0.012943806138341365,-7.999017305179768e-05,0.007466694138400684,1.0,1.0,2.220446049250313e-16,0.02403008416893323,0.746143897123047,0.7265047017364108,0.019639195386636166
ER_MALE,BRIER_UTILITY,256,0.0094828274157382,0.009548643647310683,-6.581623157248362e-05,0.007025634530418637,1.0,1.0,2.220446049250313e-16,0.022236159331773152,0.746143897123047,0.7265047017364108,0.019639195386636166
ER_MALE,SENSITIVITY,16,0.13817247008380673,0.14553726658081134,-0.00736479649700459,0.07165034882193322,1.0,1.0,0.0,0.20287611084557955,0.40115904700579524,0.42498611443025547,0.023827067424460224
ER_MALE,SENSITIVITY,32,0.09456293243700817,0.1009077189311011,-0.006344786494092935,0.06853167404574383,1.0,1.0,0.0,0.14830993116959726,0.40115904700579524,0.42498611443025547,0.023827067424460224
ER_MALE,SENSITIVITY,64,0.06509653582653782,0.06975762636831938,-0.004661090541781561,0.07477206188885607,1.0,1.0,0.0,0.09384506912912573,0.40115904700579524,0.42498611443025547,0.023827067424460224
ER_MALE,SENSITIVITY,128,0.04366988205227727,0.04703125,-0.003361367947722722,0.07223539684110429,1.0,1.0,0.0,0.06968507002529471,0.40115904700579524,0.42498611443025547,0.023827067424460224
ER_MALE,SENSITIVITY,256,0.02772007169922933,0.029918353589826144,-0.0021982818905968136,0.07241548056522967,1.0,1.0,0.0,0.04882326505058941,0.40115904700579524,0.42498611443025547,0.023827067424460224
ER_MALE,SPECIFICITY,16,0.10704732593426453,0.11231661866177121,-0.0052692927275067,0.05752028105674137,1.0,1.0,0.0,0.16819211650496235,0.7580553269608153,0.7223539146697938,0.03570141229102153
ER_MALE,SPECIFICITY,32,0.0845872658360187,0.08902079904412231,-0.004433533208103603,0.0584645385821295,1.0,1.0,0.0,0.12477832114552526,0.7580553269608153,0.7223539146697938,0.03570141229102153
ER_MALE,SPECIFICITY,64,0.05366374089180088,0.056491659808824465,-0.0028279189170235842,0.05738818855001487,1.0,1.0,0.0,0.0883540515721763,0.7580553269608153,0.7223539146697938,0.03570141229102153
ER_MALE,SPECIFICITY,128,0.040128608438140055,0.04247086076470216,-0.0023422523265621085,0.05612220982944261,1.0,1.0,0.0,0.06766289943892113,0.7580553269608153,0.7223539146697938,0.03570141229102153
ER_MALE,SPECIFICITY,256,0.02978155622629673,0.031135240769608153,-0.0013536845433114253,0.055388852931841974,1.0,1.0,0.0,0.051181788885149994,0.7580553269608153,0.7223539146697938,0.03570141229102153
ER_PRIOR_UTILIZATION_POSITIVE,AUC,16,0.10201971885941,0.10556924979907575,-0.003549530939665775,0.04959562778182705,1.0,1.0,0.0,0.19625719484639015,0.6166299979907576,0.5628597423195059,0.05377025567125171
ER_PRIOR_UTILIZATION_POSITIVE,AUC,32,0.08263687598086623,0.08543253104907576,-0.0027956550682095315,0.04118785731614529,1.0,1.0,0.0,0.14179675604550745,0.6166299979907576,0.5628597423195059,0.05377025567125171
ER_PRIOR_UTILIZATION_POSITIVE,AUC,64,0.05246854004576864,0.054280842147315156,-0.0018123021015465127,0.0392320294668234,1.0,1.0,0.0,0.10251876751728153,0.6166299979907576,0.5628597423195059,0.05377025567125171
ER_PRIOR_UTILIZATION_POSITIVE,AUC,128,0.03638489165883111,0.037374267578125,-0.0009893759192938889,0.036105333529610754,1.0,1.0,0.0,0.08087172807219765,0.6166299979907576,0.5628597423195059,0.05377025567125171
ER_PRIOR_UTILIZATION_POSITIVE,AUC,256,0.026624612437944343,0.02727763095983712,-0.0006530185218927759,0.03286304224928951,1.0,1.0,0.0,0.06638841517569277,0.6166299979907576,0.5628597423195059,0.05377025567125171
ER_PRIOR_UTILIZATION_POSITIVE,BALANCED_ACCURACY,16,0.09458664522329599,0.09736701326100061,-0.002780368037704607,0.03729791604573093,1.0,1.0,0.0,0.14504869213831761,0.592420132610006,0.5307630786168238,0.06165705399318222
ER_PRIOR_UTILIZATION_POSITIVE,BALANCED_ACCURACY,32,0.07164178436786903,0.07363364602169982,-0.001991861653830786,0.035245535946136906,1.0,1.0,0.0,0.10969193405644814,0.592420132610006,0.5307630786168238,0.06165705399318222
ER_PRIOR_UTILIZATION_POSITIVE,BALANCED_ACCURACY,64,0.04456147487467781,0.04571809071729958,-0.001156615842621761,0.03383018631259223,1.0,1.0,0.0,0.0860636644022422,0.592420132610006,0.5307630786168238,0.06165705399318222
ER_PRIOR_UTILIZATION_POSITIVE,BALANCED_ACCURACY,128,0.03375098113722558,0.0345861117389994,-0.0008351306017738175,0.031308067485444124,1.0,1.0,0.0,0.07395894103738214,0.592420132610006,0.5307630786168238,0.06165705399318222
ER_PRIOR_UTILIZATION_POSITIVE,BALANCED_ACCURACY,256,0.0235631107684009,0.02394074696729958,-0.00037763619889867703,0.02823759988417239,1.0,1.0,0.0,0.06545532588794269,0.592420132610006,0.5307630786168238,0.06165705399318222
ER_PRIOR_UTILIZATION_POSITIVE,BRIER_UTILITY,16,0.03653208683267087,0.036700772297406314,-0.00016868546473544632,0.007007766690174161,1.0,1.0,2.220446049250313e-16,0.06587432857344451,0.7342709556663483,0.68359776580321,0.05067318986313829
ER_PRIOR_UTILIZATION_POSITIVE,BRIER_UTILITY,32,0.0303435022707736,0.030455447965699368,-0.00011194569492576967,0.006883763668090004,1.0,1.0,2.220446049250313e-16,0.055956304652698366,0.7342709556663483,0.68359776580321,0.05067318986313829
ER_PRIOR_UTILIZATION_POSITIVE,BRIER_UTILITY,64,0.019468722249107034,0.019516670526955236,-4.794827784820266e-05,0.006695749029597945,1.0,1.0,2.220446049250313e-16,0.0522843431495396,0.7342709556663483,0.68359776580321,0.05067318986313829
ER_PRIOR_UTILIZATION_POSITIVE,BRIER_UTILITY,128,0.012976210282920725,0.01300208213176166,-2.5871848840934852e-05,0.005993775551979282,1.0,1.0,2.220446049250313e-16,0.050859055523377876,0.7342709556663483,0.68359776580321,0.05067318986313829
ER_PRIOR_UTILIZATION_POSITIVE,BRIER_UTILITY,256,0.010541158190641506,0.010574860233037019,-3.3702042395510886e-05,0.005055668369327718,1.0,1.0,2.220446049250313e-16,0.05144160574689085,0.7342709556663483,0.68359776580321,0.05067318986313829
ER_PRIOR_UTILIZATION_POSITIVE,SENSITIVITY,16,0.12911813408818776,0.1314129746835443,-0.0022948405953565577,0.06463202495824058,1.0,1.0,0.0,0.23503343128904633,0.5586497890295359,0.38207917849705464,0.17657061053248124
ER_PRIOR_UTILIZATION_POSITIVE,SENSITIVITY,32,0.10149898632174717,0.10187051687763712,-0.00037153055588996927,0.05735428850010885,1.0,1.0,0.0,0.19521647378384013,0.5586497890295359,0.38207917849705464,0.17657061053248124
ER_PRIOR_UTILIZATION_POSITIVE,SENSITIVITY,64,0.06739708213282804,0.06749551687763714,-9.843474480909637e-05,0.04987408088259939,1.0,1.0,0.0,0.1808698243422385,0.5586497890295359,0.38207917849705464,0.17657061053248124
ER_PRIOR_UTILIZATION_POSITIVE,SENSITIVITY,128,0.04280228575544183,0.04268802742616033,0.00011425832928149693,0.03800620595569466,1.0,1.0,0.0,0.1799935304277981,0.5586497890295359,0.38207917849705464,0.17657061053248124
ER_PRIOR_UTILIZATION_POSITIVE,SENSITIVITY,256,0.02935753522660442,0.029255010548523207,0.00010252467808121362,0.027255931401577407,1.0,1.0,0.0,0.1788937173954306,0.5586497890295359,0.38207917849705464,0.17657061053248124
ER_PRIOR_UTILIZATION_POSITIVE,SPECIFICITY,16,0.12613965870969202,0.1298392857142857,-0.003699627004593694,0.06164192131738332,1.0,1.0,0.0,0.21120011404314668,0.6261904761904762,0.679446978736593,0.0532565025461168
ER_PRIOR_UTILIZATION_POSITIVE,SPECIFICITY,32,0.09647958969640481,0.10153571428571428,-0.00505612458930948,0.060216185521132684,1.0,1.0,0.0,0.14921750298307568,0.6261904761904762,0.679446978736593,0.0532565025461168
ER_PRIOR_UTILIZATION_POSITIVE,SPECIFICITY,64,0.06648900488718587,0.07010714285714287,-0.003618137969956977,0.059330090838778826,1.0,1.0,0.0,0.1083184863852208,0.6261904761904762,0.679446978736593,0.0532565025461168
ER_PRIOR_UTILIZATION_POSITIVE,SPECIFICITY,128,0.04537615920676278,0.04773958333333333,-0.0023634241265705564,0.05806627012647091,1.0,1.0,0.0,0.08139057170727126,0.6261904761904762,0.679446978736593,0.0532565025461168
ER_PRIOR_UTILIZATION_POSITIVE,SPECIFICITY,256,0.03387525103657903,0.0353686755952381,-0.0014934245586590684,0.05354776685379698,1.0,1.0,0.0,0.06613993931668766,0.6261904761904762,0.679446978736593,0.0532565025461168
ER_PRIOR_UTILIZATION_ZERO,AUC,16,0.10993822422088322,0.11410848172205729,-0.004170257501174074,0.05166984960936892,1.0,1.0,0.0,0.199480059609,0.6057901827794272,0.5915952312799987,0.01419495149942851
ER_PRIOR_UTILIZATION_ZERO,AUC,32,0.08213176169602007,0.08536787942220572,-0.003236117726185648,0.04341527150585292,1.0,1.0,0.0,0.15179678719660028,0.6057901827794272,0.5915952312799987,0.01419495149942851
ER_PRIOR_UTILIZATION_ZERO,AUC,64,0.056893344966581105,0.05935534610838282,-0.002462001141801709,0.041968207501321644,1.0,1.0,0.0,0.1035937207322001,0.6057901827794272,0.5915952312799987,0.01419495149942851
ER_PRIOR_UTILIZATION_ZERO,AUC,128,0.03663103267694326,0.03826627642253646,-0.0016352437455931972,0.04181346669808485,1.0,1.0,0.0,0.07050501660180034,0.6057901827794272,0.5915952312799987,0.01419495149942851
ER_PRIOR_UTILIZATION_ZERO,AUC,256,0.023853262218822398,0.024974225485098943,-0.0011209632662765457,0.04170409022379554,1.0,1.0,0.0,0.04693483072620036,0.6057901827794272,0.5915952312799987,0.01419495149942851
ER_PRIOR_UTILIZATION_ZERO,BALANCED_ACCURACY,16,0.0858902274692229,0.08850090306325727,-0.0026106755940343753,0.03142402421541111,1.0,1.0,0.0,0.12732256445902077,0.568755644145358,0.5594985675773166,0.009257076568041311
ER_PRIOR_UTILIZATION_ZERO,BALANCED_ACCURACY,32,0.060791220367003414,0.06287562085598937,-0.0020844004889859625,0.03221510234221332,1.0,1.0,0.0,0.08899541540257819,0.568755644145358,0.5594985675773166,0.009257076568041311
ER_PRIOR_UTILIZATION_ZERO,BALANCED_ACCURACY,64,0.042357308044784714,0.043890681441453576,-0.0015333733966688622,0.03343847143267356,1.0,1.0,0.0,0.060455954457217166,0.568755644145358,0.5594985675773166,0.009257076568041311
ER_PRIOR_UTILIZATION_ZERO,BALANCED_ACCURACY,128,0.028412426888357937,0.02946897576581432,-0.001056548877456381,0.03420855083359067,1.0,1.0,0.0,0.04233448243170125,0.568755644145358,0.5594985675773166,0.009257076568041311
ER_PRIOR_UTILIZATION_ZERO,BALANCED_ACCURACY,256,0.020418602339146802,0.021163667409824942,-0.0007450650706781417,0.03316463719978901,1.0,1.0,0.0,0.03156162242989767,0.568755644145358,0.5594985675773166,0.009257076568041311
ER_PRIOR_UTILIZATION_ZERO,BRIER_UTILITY,16,0.03489242150038307,0.035080474885696315,-0.0001880533853132449,0.006168871741363111,1.0,1.0,2.220446049250313e-16,0.06329267750745032,0.7479111097108999,0.7123332547637028,0.03557785494719712
ER_PRIOR_UTILIZATION_ZERO,BRIER_UTILITY,32,0.026113334614558514,0.026264144542344853,-0.00015080992778633673,0.006721477943341357,1.0,1.0,1.1102230246251565e-16,0.04940341297454934,0.7479111097108999,0.7123332547637028,0.03557785494719712
ER_PRIOR_UTILIZATION_ZERO,BRIER_UTILITY,64,0.01875456241541182,0.018824029721199297,-6.946730578747728e-05,0.006251223376837955,1.0,1.0,2.220446049250313e-16,0.04072340956897495,0.7479111097108999,0.7123332547637028,0.03557785494719712
ER_PRIOR_UTILIZATION_ZERO,BRIER_UTILITY,128,0.01254782036172662,0.012593839588369132,-4.6019226642510235e-05,0.006128257596720117,1.0,1.0,2.220446049250313e-16,0.03639294267899079,0.7479111097108999,0.7123332547637028,0.03557785494719712
ER_PRIOR_UTILIZATION_ZERO,BRIER_UTILITY,256,0.007953436934014462,0.007980752631519537,-2.7315697505075343e-05,0.005335753029888812,1.0,1.0,2.220446049250313e-16,0.03632223000689937,0.7479111097108999,0.7123332547637028,0.03557785494719712
ER_PRIOR_UTILIZATION_ZERO,SENSITIVITY,16,0.1342452627882736,0.13850986987207764,-0.0042646070838040645,0.058871631081685936,1.0,1.0,0.0,0.22126756680507081,0.3423026025584473,0.4108146674575475,0.06851206489910022
ER_PRIOR_UTILIZATION_ZERO,SENSITIVITY,32,0.09157570270807684,0.09671578628142921,-0.005140083573352376,0.06053099667632593,1.0,1.0,0.0,0.15562502701860864,0.3423026025584473,0.4108146674575475,0.06851206489910022
ER_PRIOR_UTILIZATION_ZERO,SENSITIVITY,64,0.05970224729902271,0.06213256782090869,-0.0024303205218859786,0.06131607168863778,1.0,1.0,0.0,0.1116801570660615,0.3423026025584473,0.4108146674575475,0.06851206489910022
ER_PRIOR_UTILIZATION_ZERO,SENSITIVITY,128,0.04098861022980897,0.042465296923246576,-0.0014766866934376082,0.05706471315411888,1.0,1.0,0.0,0.09302936223214647,0.3423026025584473,0.4108146674575475,0.06851206489910022
ER_PRIOR_UTILIZATION_ZERO,SENSITIVITY,256,0.03286539329950586,0.03317574506506396,-0.00031035176555810074,0.055978538199307065,1.0,1.0,0.0,0.07161038643044838,0.3423026025584473,0.4108146674575475,0.06851206489910022
ER_PRIOR_UTILIZATION_ZERO,SPECIFICITY,16,0.1071487614312755,0.10982708685732268,-0.0026783254260471932,0.04951778584086421,1.0,1.0,0.0,0.17031092196598166,0.7952086857322685,0.7081824676970858,0.08702621803518273
ER_PRIOR_UTILIZATION_ZERO,SPECIFICITY,32,0.0756864732480641,0.07842493656819166,-0.0027384633201275516,0.047312406356294225,1.0,1.0,0.0,0.1366530193817485,0.7952086857322685,0.7081824676970858,0.08702621803518273
ER_PRIOR_UTILIZATION_ZERO,SPECIFICITY,64,0.0573185906958695,0.05894995771212777,-0.0016313670162582782,0.04211625692311826,1.0,1.0,0.0,0.11956893172023393,0.7952086857322685,0.7081824676970858,0.08702621803518273
ER_PRIOR_UTILIZATION_ZERO,SPECIFICITY,128,0.04230580729372387,0.04290728814267731,-0.0006014808489534451,0.04332667440553965,1.0,1.0,0.0,0.09263617358112736,0.7952086857322685,0.7081824676970858,0.08702621803518273
ER_PRIOR_UTILIZATION_ZERO,SPECIFICITY,256,0.027101441942738287,0.0271869544987412,-8.551255600291574e-05,0.03504719332764385,1.0,1.0,0.0,0.08993820358807905,0.7952086857322685,0.7081824676970858,0.08702621803518273
ER_RACE_AFRICAN_AMERICAN,AUC,16,0.12022461312706711,0.12534516672520307,-0.0051205535981359365,0.05416872739361842,1.0,1.0,0.0,0.21228331939544148,0.6057409727100255,0.6048764399662332,0.000864532743792279
ER_RACE_AFRICAN_AMERICAN,AUC,32,0.08729100707446821,0.09121318406680202,-0.0039221769923338135,0.04679844358420117,1.0,1.0,0.0,0.1431138285054871,0.6057409727100255,0.6048764399662332,0.000864532743792279
ER_RACE_AFRICAN_AMERICAN,AUC,64,0.05539974487979023,0.057991003477100254,-0.0025912585973100334,0.04523184529840254,1.0,1.0,0.0,0.09840795940388318,0.6057409727100255,0.6048764399662332,0.000864532743792279
ER_RACE_AFRICAN_AMERICAN,AUC,128,0.03577323833610361,0.03749953577802347,-0.0017262974419198598,0.04394225463704094,1.0,1.0,0.0,0.06885001799957792,0.6057409727100255,0.6048764399662332,0.000864532743792279
ER_RACE_AFRICAN_AMERICAN,AUC,256,0.02675710848446027,0.028046056892380232,-0.0012889484079199609,0.04335766849884799,1.0,1.0,0.0,0.048026781402194844,0.6057409727100255,0.6048764399662332,0.000864532743792279
ER_RACE_AFRICAN_AMERICAN,BALANCED_ACCURACY,16,0.0880930379512374,0.09139562956884278,-0.0033025916176053984,0.03839348900954548,1.0,1.0,0.0,0.13312089328790655,0.5723604318961426,0.5727797762635511,0.0004193443674085362
ER_RACE_AFRICAN_AMERICAN,BALANCED_ACCURACY,32,0.07161964565309625,0.07435831295688428,-0.002738667303788015,0.03638602371698543,1.0,1.0,0.0,0.09695726420216819,0.5723604318961426,0.5727797762635511,0.0004193443674085362
ER_RACE_AFRICAN_AMERICAN,BALANCED_ACCURACY,64,0.043645179345207924,0.04534208181038574,-0.0016969024651778118,0.03537585353747276,1.0,1.0,0.0,0.06408306605054205,0.5723604318961426,0.5727797762635511,0.0004193443674085362
ER_RACE_AFRICAN_AMERICAN,BALANCED_ACCURACY,128,0.028594312992360402,0.02978231204311572,-0.0011879990507553187,0.03741185710693616,1.0,1.0,0.0,0.04375410671209346,0.5723604318961426,0.5727797762635511,0.0004193443674085362
ER_RACE_AFRICAN_AMERICAN,BALANCED_ACCURACY,256,0.019896580419130405,0.020741239431038574,-0.0008446590119081681,0.03664739094645135,1.0,1.0,0.0,0.030952924537906535,0.5723604318961426,0.5727797762635511,0.0004193443674085362
ER_RACE_AFRICAN_AMERICAN,BRIER_UTILITY,16,0.041134539418131416,0.04146481813636334,-0.00033027871823192,0.007526626679637584,1.0,1.0,2.220446049250313e-16,0.0565543594586293,0.7446777175963208,0.7256144634499373,0.019063254146383546
ER_RACE_AFRICAN_AMERICAN,BRIER_UTILITY,32,0.030071029830896424,0.030285219205221762,-0.0002141893743253398,0.0075168930628608886,1.0,1.0,2.220446049250313e-16,0.04319549355801545,0.7446777175963208,0.7256144634499373,0.019063254146383546
ER_RACE_AFRICAN_AMERICAN,BRIER_UTILITY,64,0.018371546000318803,0.018499208456210444,-0.00012766245589164004,0.00733309276626462,1.0,1.0,2.220446049250313e-16,0.030835063626606395,0.7446777175963208,0.7256144634499373,0.019063254146383546
ER_RACE_AFRICAN_AMERICAN,BRIER_UTILITY,128,0.011970304841647754,0.012054098400341082,-8.379355869332805e-05,0.0071794255451097565,1.0,1.0,2.220446049250313e-16,0.024851695950263708,0.7446777175963208,0.7256144634499373,0.019063254146383546
ER_RACE_AFRICAN_AMERICAN,BRIER_UTILITY,256,0.009211775832446156,0.009262625819880955,-5.0849987434799515e-05,0.007088447363027262,1.0,1.0,2.220446049250313e-16,0.021305218241603953,0.7446777175963208,0.7256144634499373,0.019063254146383546
ER_RACE_AFRICAN_AMERICAN,SENSITIVITY,16,0.10838592458043066,0.11189417177914111,-0.003508247198710453,0.07076779268232598,1.0,1.0,0.0,0.19968671133006474,0.3726993865030675,0.42409587614378197,0.05139648964071447
ER_RACE_AFRICAN_AMERICAN,SENSITIVITY,32,0.09270914995583017,0.0975555981595092,-0.004846448203679034,0.06788514167348328,1.0,1.0,0.0,0.14843434532025895,0.3726993865030675,0.42409587614378197,0.05139648964071447
ER_RACE_AFRICAN_AMERICAN,SENSITIVITY,64,0.06702825185054183,0.07054256134969325,-0.0035143094991514296,0.0665000772076973,1.0,1.0,0.0,0.1110239690359455,0.3726993865030675,0.42409587614378197,0.05139648964071447
ER_RACE_AFRICAN_AMERICAN,SENSITIVITY,128,0.04491784801780715,0.0469305981595092,-0.002012750141702054,0.06741829270113597,1.0,1.0,0.0,0.07843316231535606,0.3726993865030675,0.42409587614378197,0.05139648964071447
ER_RACE_AFRICAN_AMERICAN,SENSITIVITY,256,0.03347799696836616,0.03482553680981595,-0.001347539841449788,0.0629409348026171,1.0,1.0,0.0,0.06501511073202046,0.3726993865030675,0.42409587614378197,0.05139648964071447
ER_RACE_AFRICAN_AMERICAN,SPECIFICITY,16,0.12529728203991713,0.13091015454941227,-0.005612872509495111,0.057428940677582696,1.0,1.0,0.0,0.17667975371792285,0.7720214772892178,0.7214636763833203,0.050557800905897454
ER_RACE_AFRICAN_AMERICAN,SPECIFICITY,32,0.09005811150018511,0.0943183590915687,-0.0042602475913836035,0.054805325696111955,1.0,1.0,0.0,0.13144166621050507,0.7720214772892178,0.7214636763833203,0.050557800905897454
ER_RACE_AFRICAN_AMERICAN,SPECIFICITY,64,0.05633989397676968,0.05904052840661733,-0.0027006344298476474,0.05423201892498313,1.0,1.0,0.0,0.09155064048175605,0.7720214772892178,0.7214636763833203,0.050557800905897454
ER_RACE_AFRICAN_AMERICAN,SPECIFICITY,128,0.03722227236973216,0.03875,-0.0015277276302678349,0.05268124049990547,1.0,1.0,0.0,0.07256955077325566,0.7720214772892178,0.7214636763833203,0.050557800905897454
ER_RACE_AFRICAN_AMERICAN,SPECIFICITY,256,0.025715598367966965,0.02626757840843129,-0.0005519800404643215,0.04936078229207922,1.0,1.0,0.0,0.0601398897604248,0.7720214772892178,0.7214636763833203,0.050557800905897454
ER_RACE_CAUCASIAN,AUC,16,0.1156721459109199,0.1203196179111147,-0.004647472000194817,0.05203508450757564,1.0,1.0,0.0,0.20466669849425043,0.6233900472592353,0.6091393742677366,0.014250672991498736
ER_RACE_CAUCASIAN,AUC,32,0.08316967214460251,0.08679793408555411,-0.0036282619409516116,0.04650402223548112,1.0,1.0,0.0,0.1412763236407031,0.6233900472592353,0.6091393742677366,0.014250672991498736
ER_RACE_CAUCASIAN,AUC,64,0.05479372569806198,0.05725281965676118,-0.0024590939586992032,0.04410034874804202,1.0,1.0,0.0,0.0997416939184206,0.6233900472592353,0.6091393742677366,0.014250672991498736
ER_RACE_CAUCASIAN,AUC,128,0.03963875274076389,0.04150667089139176,-0.0018679181506278755,0.042450045629916305,1.0,1.0,0.0,0.07324082511716215,0.6233900472592353,0.6091393742677366,0.014250672991498736
ER_RACE_CAUCASIAN,AUC,256,0.02632343033798476,0.027456048667713163,-0.0011326183297283993,0.04301862313785763,1.0,1.0,0.0,0.04849631430597759,0.6233900472592353,0.6091393742677366,0.014250672991498736
ER_RACE_CAUCASIAN,BALANCED_ACCURACY,16,0.09990715953943083,0.10348948929867857,-0.003582329759247741,0.03698972069418712,1.0,1.0,0.0,0.13845746301721218,0.5885430100188775,0.5770427105650545,0.011500299453823026
ER_RACE_CAUCASIAN,BALANCED_ACCURACY,32,0.06438971865594112,0.06703112909830101,-0.0026414104423599077,0.03735474368402738,1.0,1.0,0.0,0.09459314065847582,0.5885430100188775,0.5770427105650545,0.011500299453823026
ER_RACE_CAUCASIAN,BALANCED_ACCURACY,64,0.04493479673483201,0.04684882399811224,-0.0019140272632802392,0.039023191293133676,1.0,1.0,0.0,0.06834382262654291,0.5885430100188775,0.5770427105650545,0.011500299453823026
ER_RACE_CAUCASIAN,BALANCED_ACCURACY,128,0.030931611414623385,0.03229151889792347,-0.0013599074833000862,0.03834042948520943,1.0,1.0,0.0,0.04750914012286273,0.5885430100188775,0.5770427105650545,0.011500299453823026
ER_RACE_CAUCASIAN,BALANCED_ACCURACY,256,0.023149256457261732,0.024114448998112246,-0.0009651925408505158,0.03774776186190312,1.0,1.0,0.0,0.03519549406635728,0.5885430100188775,0.5770427105650545,0.011500299453823026
ER_RACE_CAUCASIAN,BRIER_UTILITY,16,0.03766899668234786,0.037926876727329535,-0.0002578800449816721,0.007543259706836559,1.0,1.0,2.220446049250313e-16,0.05597727087556958,0.7493996581362075,0.7298773977514407,0.019522260384766787
ER_RACE_CAUCASIAN,BRIER_UTILITY,32,0.029194325203411493,0.029390952299467407,-0.00019662709605591412,0.007386509383831566,1.0,1.0,1.1102230246251565e-16,0.0426730095531129,0.7493996581362075,0.7298773977514407,0.019522260384766787
ER_RACE_CAUCASIAN,BRIER_UTILITY,64,0.01824075647958958,0.0183744369269301,-0.0001336804473405173,0.007378164539175214,1.0,1.0,2.220446049250313e-16,0.03160906218217156,0.7493996581362075,0.7298773977514407,0.019522260384766787
ER_RACE_CAUCASIAN,BRIER_UTILITY,128,0.01373819556409915,0.013849868472647504,-0.00011167290854835365,0.0072025826942353315,1.0,1.0,2.220446049250313e-16,0.025821482293708113,0.7493996581362075,0.7298773977514407,0.019522260384766787
ER_RACE_CAUCASIAN,BRIER_UTILITY,256,0.009080242197436604,0.00912967609196276,-4.943389452615632e-05,0.006955803930825024,1.0,1.0,2.220446049250313e-16,0.02236346666110014,0.7493996581362075,0.7298773977514407,0.019522260384766787
ER_RACE_CAUCASIAN,SENSITIVITY,16,0.1444496519879569,0.1524846625766871,-0.008035010588730204,0.07446002724667457,1.0,1.0,0.0,0.20756697470973515,0.42868098159509205,0.4283588104452853,0.0003221711498067603
ER_RACE_CAUCASIAN,SENSITIVITY,32,0.08520987899723444,0.09150690184049079,-0.006297022843256348,0.0747060169090374,1.0,1.0,0.0,0.13615114647003784,0.42868098159509205,0.4283588104452853,0.0003221711498067603
ER_RACE_CAUCASIAN,SENSITIVITY,64,0.0704832529337174,0.07609854294478527,-0.005615290011067868,0.07493330306654027,1.0,1.0,0.0,0.09830676764981082,0.42868098159509205,0.4283588104452853,0.0003221711498067603
ER_RACE_CAUCASIAN,SENSITIVITY,128,0.04804335265533537,0.052129505368098156,-0.004086152712762791,0.07253362917445208,1.0,1.0,0.0,0.07384300826883003,0.42868098159509205,0.4283588104452853,0.0003221711498067603
ER_RACE_CAUCASIAN,SENSITIVITY,256,0.03397640549343806,0.036912864263803684,-0.002936458770365624,0.07327349736135126,1.0,1.0,0.0,0.05123671310445285,0.42868098159509205,0.4283588104452853,0.0003221711498067603
ER_RACE_CAUCASIAN,SPECIFICITY,16,0.12010419159405497,0.12491728692949453,-0.004813095335439557,0.05768048573127551,1.0,1.0,0.0,0.18783435572607055,0.7484050384426632,0.7257266106848237,0.02267842775783946
ER_RACE_CAUCASIAN,SPECIFICITY,32,0.08603256236244036,0.09100779077376085,-0.004975228411320477,0.05840693312402528,1.0,1.0,0.0,0.13073478710003936,0.7484050384426632,0.7257266106848237,0.02267842775783946
ER_RACE_CAUCASIAN,SPECIFICITY,64,0.05413547153796142,0.05756704461802716,-0.0034315730800657325,0.060483715012220524,1.0,1.0,0.0,0.08596369816852173,0.7484050384426632,0.7257266106848237,0.02267842775783946
ER_RACE_CAUCASIAN,SPECIFICITY,128,0.040044166155886324,0.04259732077130705,-0.0025531546154207324,0.06023771830163215,1.0,1.0,0.0,0.06194733507673174,0.7484050384426632,0.7257266106848237,0.02267842775783946
ER_RACE_CAUCASIAN,SPECIFICITY,256,0.02927768015084533,0.031036443849173895,-0.0017587636983285642,0.0569357400125418,1.0,1.0,0.0,0.04904947267264641,0.7484050384426632,0.7257266106848237,0.02267842775783946
ER_SHORT_STAY_LE4,AUC,16,0.11329959723195854,0.11731903413245165,-0.0040194369004931145,0.04934056169443585,1.0,1.0,0.0,0.2084347944762271,0.6159019891556456,0.5747835580981683,0.04111843105747737
ER_SHORT_STAY_LE4,AUC,32,0.07590399304172281,0.07902762776820961,-0.0031236347264868027,0.04158207333846254,1.0,1.0,0.0,0.14809510036104037,0.6159019891556456,0.5747835580981683,0.04111843105747737
ER_SHORT_STAY_LE4,AUC,64,0.05817088487121806,0.06016411586051621,-0.0019932309892981576,0.04051146495353511,1.0,1.0,0.0,0.10395907715230038,0.6159019891556456,0.5747835580981683,0.04111843105747737
ER_SHORT_STAY_LE4,AUC,128,0.04125746490958284,0.042674063372205626,-0.0014165984626227867,0.03727707982634848,1.0,1.0,0.0,0.08065604408465943,0.6159019891556456,0.5747835580981683,0.04111843105747737
ER_SHORT_STAY_LE4,AUC,256,0.02828826150321243,0.029267917655679394,-0.0009796561524669618,0.03506767015756514,1.0,1.0,0.0,0.06293436708649829,0.6159019891556456,0.5747835580981683,0.04111843105747737
ER_SHORT_STAY_LE4,BALANCED_ACCURACY,16,0.08034476770778134,0.08254844699937022,-0.00220367929158888,0.030760173373022028,1.0,1.0,0.0,0.12551787608847395,0.5817344699937023,0.5426868943954862,0.03904757559821603
ER_SHORT_STAY_LE4,BALANCED_ACCURACY,32,0.05934678972148962,0.06122577650031489,-0.0018789867788252667,0.03027339755055134,1.0,1.0,0.0,0.09376367671378294,0.5817344699937023,0.5426868943954862,0.03904757559821603
ER_SHORT_STAY_LE4,BALANCED_ACCURACY,64,0.044792738649263475,0.0458840795988664,-0.0010913409496029368,0.029864913360869366,1.0,1.0,0.0,0.07226078245717357,0.5817344699937023,0.5426868943954862,0.03904757559821603
ER_SHORT_STAY_LE4,BALANCED_ACCURACY,128,0.030817462423048364,0.031556564399874046,-0.0007391019768256779,0.02840645187455086,1.0,1.0,0.0,0.054553779666550284,0.5817344699937023,0.5426868943954862,0.03904757559821603
ER_SHORT_STAY_LE4,BALANCED_ACCURACY,256,0.02119828650014301,0.0216673352005668,-0.000469048700423787,0.02684443078411558,1.0,1.0,0.0,0.045765114451182205,0.5817344699937023,0.5426868943954862,0.03904757559821603
ER_SHORT_STAY_LE4,BRIER_UTILITY,16,0.038138744242479435,0.03831749779757793,-0.00017875355509849977,0.00688207696977316,1.0,1.0,2.220446049250313e-16,0.0723730347903235,0.7510361507896846,0.6955215815818724,0.05551456920781217
ER_SHORT_STAY_LE4,BRIER_UTILITY,32,0.024676304399675622,0.024798807650090834,-0.0001225032504152096,0.006385496002625769,1.0,1.0,1.1102230246251565e-16,0.060561257818043945,0.7510361507896846,0.6955215815818724,0.05551456920781217
ER_SHORT_STAY_LE4,BRIER_UTILITY,64,0.01954187109827118,0.019561744271213932,-1.9873172942751483e-05,0.0059321407106521055,1.0,1.0,2.220446049250313e-16,0.05326053509776302,0.7510361507896846,0.6955215815818724,0.05551456920781217
ER_SHORT_STAY_LE4,BRIER_UTILITY,128,0.0141486566080884,0.014166632983177125,-1.7976375088726848e-05,0.005218274795932686,1.0,1.0,2.220446049250313e-16,0.056258465914034196,0.7510361507896846,0.6955215815818724,0.05551456920781217
ER_SHORT_STAY_LE4,BRIER_UTILITY,256,0.00959424618462772,0.009626965436209455,-3.271925158173594e-05,0.004331159531310511,1.0,1.0,2.220446049250313e-16,0.05655780936596137,0.7510361507896846,0.6955215815818724,0.05551456920781217
ER_SHORT_STAY_LE4,SENSITIVITY,16,0.1226378821332284,0.12740733333333332,-0.0047694512001049336,0.062270548049345245,1.0,1.0,0.0,0.20179047908411474,0.34613333333333335,0.3940029942757171,0.04786966094238376
ER_SHORT_STAY_LE4,SENSITIVITY,32,0.08986148998683431,0.09497616666666668,-0.005114676679832346,0.06250631821093172,1.0,1.0,0.0,0.1398837126816654,0.34613333333333335,0.3940029942757171,0.04786966094238376
ER_SHORT_STAY_LE4,SENSITIVITY,64,0.06626066859430484,0.06998408333333334,-0.0037234147390285076,0.060349230338838156,1.0,1.0,0.0,0.10459018725234422,0.34613333333333335,0.3940029942757171,0.04786966094238376
ER_SHORT_STAY_LE4,SENSITIVITY,128,0.04687696029846742,0.04933791666666667,-0.002460956368199247,0.059515576472798266,1.0,1.0,0.0,0.07720000759580119,0.34613333333333335,0.3940029942757171,0.04786966094238376
ER_SHORT_STAY_LE4,SENSITIVITY,256,0.029373294310474148,0.030863333333333336,-0.001490039022859189,0.05658658813566328,1.0,1.0,0.0,0.060109536107487635,0.34613333333333335,0.3940029942757171,0.04786966094238376
ER_SHORT_STAY_LE4,SPECIFICITY,16,0.1041032314983213,0.10634308326805217,-0.0022398517697308547,0.042973007014806816,1.0,1.0,0.0,0.18471302794901612,0.8173356066540712,0.6913707945152554,0.12596481213881583
ER_SHORT_STAY_LE4,SPECIFICITY,32,0.0703774799784326,0.07007797739735495,0.0002995025810776447,0.03854784934742861,1.0,1.0,0.0,0.15727108986674496,0.8173356066540712,0.6913707945152554,0.12596481213881583
ER_SHORT_STAY_LE4,SPECIFICITY,64,0.05591271233690139,0.0554611970646514,0.0004515152722499921,0.03731697311811892,1.0,1.0,0.0,0.13383358986674496,0.8173356066540712,0.6913707945152554,0.12596481213881583
ER_SHORT_STAY_LE4,SPECIFICITY,128,0.03942069935538606,0.03899178033270356,0.0004289190226824963,0.031273021505650464,1.0,1.0,0.0,0.12676930479915152,0.8173356066540712,0.6913707945152554,0.12596481213881583
ER_SHORT_STAY_LE4,SPECIFICITY,256,0.025885528603729897,0.025714306800377864,0.00017122180335203186,0.022807932975167255,1.0,1.0,0.0,0.12866791342989714,0.8173356066540712,0.6913707945152554,0.12596481213881583
