family,target,budget,direct_mae,static_fusion_mae,adaptive_mae,median_direct_sd,mean_transport_weight,support_gate,transport_auc,transport_risk_proxy,true_auc,adaptive_regret_vs_direct,adaptive_gain_vs_direct,adaptive_gain_vs_static,adaptive_equivalent_direct_budget,adaptive_label_leverage
ACS_INCOME,FL,8,0.11910156242277058,0.047549216792821127,0.07654672776731342,0.14433756729740643,0.3922792203446361,0.9896952963018609,0.842277620128853,0.0006105869271350216,0.8434495198248417,-0.04255483465545716,0.04255483465545716,-0.02899751097449229,17.60567096774136,2.20070887096767
ACS_INCOME,FL,16,0.08215745182802532,0.0328379205225247,0.04852474779873656,0.10347270258089541,0.4477784966006508,0.9896952963018609,0.842277620128853,0.0006105869271350216,0.8434495198248417,-0.03363270402928876,0.03363270402928876,-0.015686827276211866,33.185839072509026,2.074114942031814
ACS_INCOME,FL,32,0.049202223551751585,0.019708834887376504,0.026036080875779386,0.07252731889866913,0.48857809142180353,0.9896952963018609,0.842277620128853,0.0006105869271350216,0.8434495198248417,-0.0231661426759722,0.0231661426759722,-0.0063272459884028825,146.39932424226492,4.574978882570779
ACS_INCOME,FL,64,0.0377817006855095,0.015078184795049401,0.020392709228531314,0.04948614024671743,0.4839120745347879,0.9896952963018609,0.842277620128853,0.0006105869271350216,0.8434495198248417,-0.017388991456978184,0.017388991456978184,-0.005314524433481913,251.9571502012929,3.9368304718952016
ACS_INCOME,FL,128,0.027658128010748417,0.011076052284901201,0.014520600809767208,0.03465333125372595,0.49053686944847713,0.9896952963018609,0.842277620128853,0.0006105869271350216,0.8434495198248417,-0.013137527200981209,0.013137527200981209,-0.003444548524866007,535.9133293686433,4.186822885692526
ACS_INCOME,IL,8,0.1171908734912018,0.04679088619572608,0.07676705834147998,0.14433756729740643,0.3848910578521902,0.9667055042628844,0.8419273480109221,0.0006399737065793329,0.8437078313599775,-0.04042381514972182,0.04042381514972182,-0.029976172145753904,18.16611441185021,2.270764301481276
ACS_INCOME,IL,16,0.0825101204736054,0.0328528008425206,0.04771126618252323,0.09704046928251855,0.45486105477686534,0.9667055042628844,0.8419273480109221,0.0006399737065793329,0.8437078313599775,-0.03479885429108217,0.03479885429108217,-0.014858465340002625,43.52932182124473,2.7205826138277955
ACS_INCOME,IL,32,0.05564916980040247,0.022184212921260302,0.029832154669915595,0.07068681278618011,0.4824536241852659,0.9667055042628844,0.8419273480109221,0.0006399737065793329,0.8437078313599775,-0.025817015130486877,0.025817015130486877,-0.007647941748655292,136.3271760045853,4.260224250143291
ACS_INCOME,IL,64,0.03934545886290247,0.015635384796260296,0.020668224958370965,0.04891467860329089,0.4883053354774104,0.9667055042628844,0.8419273480109221,0.0006399737065793329,0.8437078313599775,-0.018677233904531507,0.018677233904531507,-0.005032840162110669,371.5332119858577,5.805206437279026
ACS_INCOME,IL,128,0.030528408903178823,0.012049578186270601,0.0168132806079998,0.03340929878557414,0.47668513347120717,0.9667055042628844,0.8419273480109221,0.0006399737065793329,0.8437078313599775,-0.013715128295179024,0.013715128295179024,-0.004763702421729198,653.0027742515514,5.101584173840245
ACS_INCOME,NY,8,0.12377343475460208,0.049611889383661435,0.0853456390325395,0.14433756729740643,0.3541001907749687,0.9725862195282621,0.8424801875520433,0.0006322579378128432,0.8411658865030609,-0.03842779572206258,0.03842779572206258,-0.035733749648878065,15.249413768849031,1.906176721106129
ACS_INCOME,NY,16,0.08301501791411234,0.03343469554816786,0.050015452369047184,0.10022296571715913,0.4445518988963413,0.9725862195282621,0.8424801875520433,0.0006322579378128432,0.8411658865030609,-0.032999565545065154,0.032999565545065154,-0.016580756820879325,47.845815290758004,2.9903634556723753
ACS_INCOME,NY,32,0.06604657282975512,0.026481715582253207,0.03564603080312218,0.07120347412937886,0.47807372383876173,0.9725862195282621,0.8424801875520433,0.0006322579378128432,0.8411658865030609,-0.03040054202663294,0.03040054202663294,-0.009164315220868975,83.35412759334456,2.6048164872920174
ACS_INCOME,NY,64,0.04090557286234695,0.0164133562072532,0.02189899616112352,0.049631430765508355,0.48609572582237137,0.9725862195282621,0.8424801875520433,0.0006322579378128432,0.8411658865030609,-0.01900657670122343,0.01900657670122343,-0.00548563995387032,212.38575205393934,3.318527375842802
ACS_INCOME,NY,128,0.028508687250526764,0.011357375026716748,0.015095744206240998,0.03553077287388884,0.48646446692167283,0.9725862195282621,0.8424801875520433,0.0006322579378128432,0.8411658865030609,-0.013412943044285766,0.013412943044285766,-0.0037383691795242497,433.81240172641003,3.3891593884875784
ACS_INCOME,TX,8,0.11590177723046706,0.04553696118933714,0.07842702030616575,0.14433756729740643,0.36500000024909846,0.9901540908024654,0.8411572412104833,0.0006100212191791567,0.8560440213040995,-0.037474756924301314,0.037474756924301314,-0.03289005911682861,18.938814189412454,2.367351773676557
ACS_INCOME,TX,16,0.08822251637830308,0.035148464423559046,0.05201764145424682,0.09704046928251855,0.4429635617612011,0.9901540908024654,0.8411572412104833,0.0006100212191791567,0.8560440213040995,-0.03620487492405627,0.03620487492405627,-0.01686917703068777,34.74057000845122,2.1712856255282014
ACS_INCOME,TX,32,0.054384092443508066,0.02139348059466857,0.031275575972840315,0.06600638580266145,0.4630131464350526,0.9901540908024654,0.8411572412104833,0.0006100212191791567,0.8560440213040995,-0.02310851647066775,0.02310851647066775,-0.009882095378171744,87.9261939720041,2.747693561625128
ACS_INCOME,TX,64,0.037367294161959004,0.016998679896901916,0.02187702865775118,0.04794161882156917,0.4813936326251376,0.9901540908024654,0.8411572412104833,0.0006100212191791567,0.8560440213040995,-0.015490265504207824,0.015490265504207824,-0.004878348760849263,166.39674382925784,2.599949122332154
ACS_INCOME,TX,128,0.025341109481670024,0.011863877225486208,0.015074769444993736,0.03280866279240825,0.47664198248316647,0.9901540908024654,0.8411572412104833,0.0006100212191791567,0.8560440213040995,-0.010266340036676288,0.010266340036676288,-0.0032108922195075284,323.45158024741073,2.5269654706828963
DIGITS,EMNIST_DIGITS,8,0.19234734266384929,0.2793615722631084,0.21902232593035745,0.24473625259314022,0.23666276586486074,0.4166939071763255,0.9034411017634754,0.0012958305588540828,0.44282808879497676,0.026674983266508162,-0.026674983266508162,0.06033924633275098,7.0256707154140985,0.8782088394267623
DIGITS,EMNIST_DIGITS,16,0.12387781322410046,0.2769553222631084,0.14979950754546795,0.1571396936138707,0.15559134628040655,0.4166939071763255,0.9034411017634754,0.0012958305588540828,0.44282808879497676,0.025921694321367483,-0.025921694321367483,0.12715581471764048,11.861249310353124,0.7413280818970702
DIGITS,EMNIST_DIGITS,32,0.08240421621564836,0.2708771972631084,0.09440573843767867,0.1069818138021086,0.05540998441683165,0.4166939071763255,0.9034411017634754,0.0012958305588540828,0.44282808879497676,0.012001522222030311,-0.012001522222030311,0.1764714588254297,25.39501017361354,0.7935940679254231
DIGITS,EMNIST_DIGITS,64,0.060852189672301396,0.27676000976310844,0.0644643301655409,0.07439573779718878,0.012554384204100717,0.4166939071763255,0.9034411017634754,0.0012958305588540828,0.44282808879497676,0.0036121404932395046,-0.0036121404932395046,0.21229567959756754,56.09527943894337,0.8764887412334902
DIGITS,EMNIST_DIGITS,128,0.04148853660445093,0.2779641113256084,0.04182331142320238,0.05214168268383293,0.0010347590961811563,0.4166939071763255,0.9034411017634754,0.0012958305588540828,0.44282808879497676,0.0003347748187514446,-0.0003347748187514446,0.236140799902406,126.15189773644677,0.9855617010659904
DIGITS,QMNIST_TEST50K,8,0.023807251832442696,0.009185544994143398,0.01869906661951342,1e-05,0.07750031843886328,0.9966143412630731,0.98325070812005,0.00022653131882033418,0.9840655770544309,-0.005108185212929276,0.005108185212929276,-0.009513521625370022,21.184342330232,2.648042791279
DIGITS,QMNIST_TEST50K,16,0.02063893262006302,0.008070651301631723,0.015736927608710375,1e-05,0.16985605947798205,0.9966143412630731,0.98325070812005,0.00022653131882033418,0.9840655770544309,-0.0049020050113526455,0.0049020050113526455,-0.007666276307078652,33.16762333319158,2.0729764583244736
DIGITS,QMNIST_TEST50K,32,0.01617419996584797,0.006368121085343832,0.01156038469715958,0.009461407356554662,0.2651896640317554,0.9966143412630731,0.98325070812005,0.00022653131882033418,0.9840655770544309,-0.004613815268688391,0.004613815268688391,-0.005192263611815748,49.64396819193396,1.5513740059979362
DIGITS,QMNIST_TEST50K,64,0.009519409464980899,0.0037281755694638734,0.006997940355602952,0.00985648632755515,0.28749977018018813,0.9966143412630731,0.98325070812005,0.00022653131882033418,0.9840655770544309,-0.002521469109377947,0.002521469109377947,-0.0032697647861390784,162.69554423741963,2.5421178787096816
DIGITS,QMNIST_TEST50K,128,0.007574006677077443,0.0029736963378059456,0.005818361441373583,0.007973309831347286,0.22593092622521133,0.9966143412630731,0.98325070812005,0.00022653131882033418,0.9840655770544309,-0.0017556452357038602,0.0017556452357038602,-0.0028446651035676372,284.7407626650427,2.2245372083206463
DIGITS,SVHN,8,0.1727997190555946,0.17275347508274308,0.17293061290922787,0.22243913025065232,0.43917611217458663,0.8562910269680218,0.9215167099266179,0.00030685961224585865,0.6526487114376789,0.00013089385363326822,-0.00013089385363326822,-0.00017713782648479115,7.993944676356315,0.9992430845445394
DIGITS,SVHN,16,0.1118084909706089,0.16335506451829185,0.1406208265807973,0.15068164314517862,0.45612633781280754,0.8562910269680218,0.9215167099266179,0.00030685961224585865,0.6526487114376789,0.028812335610188408,-0.028812335610188408,0.022734237937494545,11.106551681383863,0.6941594800864914
DIGITS,SVHN,32,0.08567321134313037,0.16090193951829185,0.11501209385221012,0.10221644423787946,0.3438679122485972,0.8562910269680218,0.9215167099266179,0.00030685961224585865,0.6526487114376789,0.029338882509079747,-0.029338882509079747,0.04588984566608173,15.296286523505984,0.478008953859562
DIGITS,SVHN,64,0.05361938047875357,0.16144100201829187,0.07298350124366658,0.0699325727081222,0.16466739111080167,0.8562910269680218,0.9215167099266179,0.00030685961224585865,0.6526487114376789,0.019364120764913006,-0.019364120764913006,0.08845750077462529,40.56252797613815,0.6337894996271586
DIGITS,SVHN,128,0.03640808748499463,0.16103035748704184,0.04143237261118427,0.04895365614135212,0.03551028460797333,0.8562910269680218,0.9215167099266179,0.00030685961224585865,0.6526487114376789,0.0050242851261896385,-0.0050242851261896385,0.11959798487585757,101.55152717894305,0.7933713060854926
DIGITS,USPS,8,0.08849098275078532,0.03829085561839363,0.06300145102730753,0.08838834764831845,0.25250002062472626,0.9676827546291017,0.9339640043818602,0.00024027938697638993,0.9193455068158021,-0.025489531723477787,0.025489531723477787,-0.024710595408913905,13.070436885649634,1.6338046107062043
DIGITS,USPS,16,0.05477299829604949,0.024773224157858178,0.035152025368725734,0.057863756235784464,0.410645138905589,0.9676827546291017,0.9339640043818602,0.00024027938697638993,0.9193455068158021,-0.019620972927323753,0.019620972927323753,-0.010378801210867556,34.80579903945068,2.1753624399656677
DIGITS,USPS,32,0.03635246300026177,0.0170697537415919,0.021327155542730156,0.04806433763279799,0.47559025195608645,0.9676827546291017,0.9339640043818602,0.00024027938697638993,0.9193455068158021,-0.015025307457531615,0.015025307457531615,-0.004257401801138257,108.3752620502662,3.386726939070819
DIGITS,USPS,64,0.027558996153551875,0.013447570407257603,0.015941035849796274,0.0334438270875556,0.4861140484301372,0.9676827546291017,0.9339640043818602,0.00024027938697638993,0.9193455068158021,-0.0116179603037556,0.0116179603037556,-0.002493465442538671,197.09579544516455,3.079621803830696
DIGITS,USPS,128,0.019667767548224063,0.01070159602985528,0.011835648963900734,0.02393597043150844,0.4905791289474267,0.9676827546291017,0.9339640043818602,0.00024027938697638993,0.9193455068158021,-0.007832118584323328,0.007832118584323328,-0.0011340529340454538,363.41240383343194,2.839159404948687
MULTINLI_GENRES,GENRE_facetoface,8,0.17223019742865106,0.06969869023961157,0.10527552090588908,0.22821773229381923,0.4515296927977659,0.7236813771723827,0.6189307552510963,0.0008379853043196749,0.6413366238108507,-0.06695467652276198,0.06695467652276198,-0.03557683066627751,20.071217408564962,2.5089021760706203
MULTINLI_GENRES,GENRE_facetoface,16,0.11884251109541058,0.05003029631786364,0.06741918521819779,0.15286512203807082,0.48009145860442276,0.7236813771723827,0.6189307552510963,0.0008379853043196749,0.6413366238108507,-0.051423325877212794,0.051423325877212794,-0.017388888900334146,43.54005389501966,2.721253368438729
MULTINLI_GENRES,GENRE_facetoface,32,0.08203654877378298,0.0340938533386405,0.04612710355906116,0.10217164302245721,0.47945469447324546,0.7236813771723827,0.6189307552510963,0.0008379853043196749,0.6413366238108507,-0.03590944521472182,0.03590944521472182,-0.012033250220420663,80.11475333710565,2.5035860417845517
MULTINLI_GENRES,GENRE_facetoface,64,0.05274471020547656,0.02493631650888293,0.03136562851226534,0.07094103028714768,0.4850295530293493,0.7236813771723827,0.6189307552510963,0.0008379853043196749,0.6413366238108507,-0.02137908169321122,0.02137908169321122,-0.006429312003382412,152.8642347163055,2.3885036674422735
MULTINLI_GENRES,GENRE_facetoface,128,0.03487200697179253,0.017868853238106067,0.022490787471206464,0.04919379375993329,0.47111045263755047,0.7236813771723827,0.6189307552510963,0.0008379853043196749,0.6413366238108507,-0.012381219500586068,0.012381219500586068,-0.004621934233100398,266.8590836679587,2.0848365911559275
MULTINLI_GENRES,GENRE_letters,8,0.17270819495728548,0.06912826973203319,0.11190452994874979,0.22243913025065232,0.42675010934626223,0.9065748724942972,0.6346871056912788,0.0005339785861696471,0.6666673949616553,-0.06080366500853569,0.06080366500853569,-0.0427762602167166,14.597953734847792,1.824744216855974
MULTINLI_GENRES,GENRE_letters,16,0.10473951050383448,0.04272366710109544,0.05620223813647954,0.1472876043421752,0.4867543148002111,0.9065748724942972,0.6346871056912788,0.0005339785861696471,0.6666673949616553,-0.048537272367354944,0.048537272367354944,-0.0134785710353841,68.7864656671012,4.299154104193825
MULTINLI_GENRES,GENRE_letters,32,0.0717838396007669,0.03262165524969294,0.03936165312573861,0.10036855464220745,0.49307933663129494,0.9065748724942972,0.6346871056912788,0.0005339785861696471,0.6666673949616553,-0.032422186475028286,0.032422186475028286,-0.006739997876045671,107.92947845366234,3.372796201676948
MULTINLI_GENRES,GENRE_letters,64,0.059500296389033785,0.028819931725788374,0.03539474325961825,0.06908879705251396,0.48374264302532305,0.9065748724942972,0.6346871056912788,0.0005339785861696471,0.6666673949616553,-0.024105553129415536,0.024105553129415536,-0.006574811533829876,123.44977924319767,1.9289028006749636
MULTINLI_GENRES,GENRE_letters,128,0.03439616613711655,0.02048494578219709,0.0217129025837786,0.048130351302420035,0.49183147836072266,0.9065748724942972,0.6346871056912788,0.0005339785861696471,0.6666673949616553,-0.012683263553337952,0.012683263553337952,-0.0012279568015815118,229.03603147597514,1.7893439959060558
MULTINLI_GENRES,GENRE_nineeleven,8,0.17381462313108362,0.06960350260009952,0.12262734859591051,0.22532843127223579,0.36101570012927303,0.45476167233459475,0.6185200884973512,0.0021220884737860935,0.6314623131083621,-0.051187274535173105,0.051187274535173105,-0.05302384599581099,15.260817049780055,1.9076021312225069
MULTINLI_GENRES,GENRE_nineeleven,16,0.11953413621349827,0.047880768200696595,0.08241418757256008,0.15286512203807082,0.3611572542572104,0.45476167233459475,0.6185200884973512,0.0021220884737860935,0.6314623131083621,-0.03711994864093819,0.03711994864093819,-0.03453341937186349,28.52658642225633,1.7829116513910206
MULTINLI_GENRES,GENRE_nineeleven,32,0.07654441185674914,0.030896341101094647,0.05296836962574959,0.10293046380129584,0.3431912793482698,0.45476167233459475,0.6185200884973512,0.0021220884737860935,0.6314623131083621,-0.023576042230999544,0.023576042230999544,-0.022072028524654945,76.03936937822434,2.3762302930695105
MULTINLI_GENRES,GENRE_nineeleven,64,0.05964988060674914,0.02410727860109465,0.04373177981358583,0.07073713484881392,0.29024214072153653,0.45476167233459475,0.6185200884973512,0.0021220884737860935,0.6314623131083621,-0.01591810079316331,0.01591810079316331,-0.01962450121249118,100.41192666663613,1.5689363541661896
MULTINLI_GENRES,GENRE_nineeleven,128,0.036994554771708626,0.01600986315923541,0.02934114921832937,0.04940380946092082,0.22765252431669428,0.45476167233459475,0.6185200884973512,0.0021220884737860935,0.6314623131083621,-0.007653405553379258,0.007653405553379258,-0.01333128605909396,179.16906222655825,1.3997582986449864
MULTINLI_GENRES,GENRE_oup,8,0.16637604714374835,0.06739873931116407,0.10048996120070847,0.24473625259314022,0.4571406192557285,0.8114725841101555,0.6383984530363389,0.000666474431710904,0.6305439206250185,-0.06588608594303988,0.06588608594303988,-0.0330912218895444,21.28989926466084,2.661237408082605
MULTINLI_GENRES,GENRE_oup,16,0.11756550682500073,0.047087209071807086,0.062199938249631354,0.15286512203807082,0.48844125940725713,0.8114725841101555,0.6383984530363389,0.000666474431710904,0.6305439206250185,-0.05536556857536938,0.05536556857536938,-0.015112729177824268,54.0484784941741,3.378029905885881
MULTINLI_GENRES,GENRE_oup,32,0.08033203125,0.03228882005983924,0.04222203855801301,0.10391897635096937,0.49210078537792173,0.8114725841101555,0.6383984530363389,0.000666474431710904,0.6305439206250185,-0.038109992691987,0.038109992691987,-0.009933218498173767,109.72403563374091,3.4288761135544035
MULTINLI_GENRES,GENRE_oup,64,0.057275390625,0.02332954747738913,0.029470063076482114,0.07104677562212458,0.49610522418059444,0.8114725841101555,0.6383984530363389,0.000666474431710904,0.6305439206250185,-0.027805327548517885,0.027805327548517885,-0.006140515599092983,207.1928168189962,3.2373877627968155
MULTINLI_GENRES,GENRE_oup,128,0.038698415746876665,0.015515287624332033,0.020018543875603777,0.04977464516951183,0.4927575095858159,0.8114725841101555,0.6383984530363389,0.000666474431710904,0.6305439206250185,-0.018679871871272888,0.018679871871272888,-0.004503256251271744,410.4800205612281,3.2068751606345947
MULTINLI_GENRES,GENRE_verbatim,8,0.19090843819026224,0.07676731896043451,0.1208906141431669,0.22821773229381923,0.4394161535474994,0.958394403757053,0.6103412660452561,0.0004777961632439173,0.6019257726217222,-0.07001782404709533,0.07001782404709533,-0.04412329518273239,14.810195647592561,1.8512744559490701
MULTINLI_GENRES,GENRE_verbatim,16,0.11415515590486888,0.045620199350271576,0.059333692452482475,0.15467960838455727,0.49306837600576325,0.958394403757053,0.6103412660452561,0.0004777961632439173,0.6019257726217222,-0.05482146345238641,0.05482146345238641,-0.0137134931022109,54.964451166483535,3.435278197905221
MULTINLI_GENRES,GENRE_verbatim,32,0.07778933602378277,0.03141312068076041,0.040438585289402064,0.10467478486768467,0.49483230165131337,0.958394403757053,0.6103412660452561,0.0004777961632439173,0.6019257726217222,-0.037350750734380704,0.037350750734380704,-0.009025464608641655,108.49032679708989,3.390322712409059
MULTINLI_GENRES,GENRE_verbatim,64,0.05498058628263111,0.022636412165923346,0.02869677293734474,0.07221792908164723,0.49604864110460234,0.958394403757053,0.6103412660452561,0.0004777961632439173,0.6019257726217222,-0.026283813345286372,0.026283813345286372,-0.006060360771421393,195.57658526176715,3.0558841447151117
MULTINLI_GENRES,GENRE_verbatim,128,0.03672767020817527,0.015039147010461289,0.01902386158774333,0.05047732480440073,0.4959594847311297,0.958394403757053,0.6103412660452561,0.0004777961632439173,0.6019257726217222,-0.017703808620431943,0.017703808620431943,-0.00398471457728204,396.32186290821556,3.096264553970434
