drive_file_id,drive_path,repository_path,raw_drive_size_bytes,line_endings_normalized,repository_size_bytes,repository_sha256
1rOtwbEIUig8pvRE0KL2yfwCSZ16nrgXM,05_Code/StageU7_General_Observability_And_Natural_Clinical_Deployment_v1.0/U7_IMPLEMENTATION_AMENDMENT_v1.0.1.json,legacy/governance_authoritative/StageU7_General_Observability_And_Natural_Clinical_Deployment_v1.0/U7_IMPLEMENTATION_AMENDMENT_v1.0.1.json,1210,true,1188,cfe41c3f2f252063cd46c6e928aa3b71e62d6b1207959f326d62fc895fda4902
1Pq89Tq1RbMhAOmHm_FN6xfOpdvAuSpKt,05_Code/StageU6_Independent_Pair_Complete_Observer_Reserve_v1.0/CMDO_U6_Release_Manifest_v1.0.json,legacy/governance_authoritative/StageU6_Independent_Pair_Complete_Observer_Reserve_v1.0/CMDO_U6_Release_Manifest_v1.0.json,1914,true,1915,9b862508d7afe3a1b946d27726d930b2de770c761edbf6dd970fc0c74147d8c9
1HMTbUE9Lu0Uzb2jBVJejN16yN3MmtEE1,05_Code/StageU6_Independent_Pair_Complete_Observer_Reserve_v1.0/StageU5F_Frozen_Observer_Specification_v1.0.json,legacy/governance_authoritative/StageU6_Independent_Pair_Complete_Observer_Reserve_v1.0/StageU5F_Frozen_Observer_Specification_v1.0.json,1915,true,1916,237c335f1efc8023ed947793349b2fe4b1e2590862256d8ab394366c3f1f783a
1oSMinymys2w8ILhpVX3SMov5dppKLSdU,05_Code/StageU6_Independent_Pair_Complete_Observer_Reserve_v1.0/U6_INDEPENDENT_RESERVE_AUTHORIZATION_v1.0.json,legacy/governance_authoritative/StageU6_Independent_Pair_Complete_Observer_Reserve_v1.0/U6_INDEPENDENT_RESERVE_AUTHORIZATION_v1.0.json,841,true,842,3de26afe6f23915bf089e76d1c55c8a8f2613b1ea37e04e7c887505e52252031
1w9xB56uvLD8tLwKDCkynYnd_ZeQI1VW6,05_Code/StageU6_Independent_Pair_Complete_Observer_Reserve_v1.0/StageU6_Independent_Reserve_Protocol_v1.0.txt,legacy/governance_authoritative/StageU6_Independent_Pair_Complete_Observer_Reserve_v1.0/StageU6_Independent_Reserve_Protocol_v1.0.txt,2817,true,2818,b5a465496c5c3fbeea47dc8549da16ec2939bbd94b4df72014ccc6127f6332d2
1ANpFKvUCQ53Vy4FU7s5Jjtlm0OuBdAI9,05_Code/StageU5F_Final_Observer_Freeze_And_U6_Preregistration_v1.0/CMDO_U5F_Release_Manifest_v1.0.json,legacy/governance_authoritative/StageU5F_Final_Observer_Freeze_And_U6_Preregistration_v1.0/CMDO_U5F_Release_Manifest_v1.0.json,1642,true,1643,13a67bf17846fe8bc478887f38c7ac9858db14d254da9ecda1321c5b3796b6f3
18ECTpZqJPL2-tTtMlIbL5I5rkubM0bD9,05_Code/StageU5F_Final_Observer_Freeze_And_U6_Preregistration_v1.0/U5F_OBSERVER_FREEZE_AUTHORIZATION_v1.0.json,legacy/governance_authoritative/StageU5F_Final_Observer_Freeze_And_U6_Preregistration_v1.0/U5F_OBSERVER_FREEZE_AUTHORIZATION_v1.0.json,731,true,732,db575271aa1a477b19bca2127bedca653a55b7adf5f470b7834271d679b8b951
1-z9TmPdyIrgz-sVCATLb5RFsO6GKS6-e,05_Code/StageU5F_Final_Observer_Freeze_And_U6_Preregistration_v1.0/StageU5F_Observer_Freeze_Protocol_v1.0.txt,legacy/governance_authoritative/StageU5F_Final_Observer_Freeze_And_U6_Preregistration_v1.0/StageU5F_Observer_Freeze_Protocol_v1.0.txt,1290,true,1291,a7ef3bbbd78334a54826e2bead9aedba7bbbca658c893bb8e75aa683a1c72e72
1eZ9yKO2kaXR2ABgXFfHQRL17elVqvlwc,05_Code/StageU5E_Pair_Complete_Cross_Fitted_Observer_v1.0/StageU5E_Run_Identity_v1.0.txt,legacy/governance_authoritative/StageU5E_Pair_Complete_Cross_Fitted_Observer_v1.0/StageU5E_Run_Identity_v1.0.txt,687,true,688,e8d8698dd69226091ceb7d76ec0c7601e371d88d5ab68de0b4ec7c49fc85984f
1gKDzRjId-ob3q09U54y-mC8DR1RoAXub,05_Code/StageU5E_Pair_Complete_Cross_Fitted_Observer_v1.0/CMDO_U5E_Release_Manifest_v1.0.json,legacy/governance_authoritative/StageU5E_Pair_Complete_Cross_Fitted_Observer_v1.0/CMDO_U5E_Release_Manifest_v1.0.json,1670,true,1671,6afc504d1ae8248492f39e1ba622804d25b76808fb0bf6c9a1640eb7767c87c0
1ZtE__TF5V_yKc4IHvEXhUfgfMn0CNTOA,05_Code/StageU5E_Pair_Complete_Cross_Fitted_Observer_v1.0/U5E_PAIR_COMPLETE_OBSERVER_AUTHORIZATION_v1.0.json,legacy/governance_authoritative/StageU5E_Pair_Complete_Cross_Fitted_Observer_v1.0/U5E_PAIR_COMPLETE_OBSERVER_AUTHORIZATION_v1.0.json,851,true,852,4e678b455757ff822451540ba2a05abc8c1fcbc1c6d613f1ed123f169316d281
1CnjazZW-aFbya2wmc9yh3P1sx5pkmKqJ,05_Code/StageU5E_Pair_Complete_Cross_Fitted_Observer_v1.0/StageU5E_Pair_Complete_Observer_Protocol_v1.0.txt,legacy/governance_authoritative/StageU5E_Pair_Complete_Cross_Fitted_Observer_v1.0/StageU5E_Pair_Complete_Observer_Protocol_v1.0.txt,1862,true,1863,067d536f6681bebcc01820f40a9a74ceb0deb82f6815ffb8a4a0d6ed4bfb46bc
1tgEwVhcsQyUWaj3I4lziKRhExElHGCTa,05_Code/StageU5D_Confidence_Bounded_Observer_Hardening_v1.0/CMDO_U5D_Implementation_Fix_Manifest_v1.0.1.json,legacy/governance_authoritative/StageU5D_Confidence_Bounded_Observer_Hardening_v1.0/CMDO_U5D_Implementation_Fix_Manifest_v1.0.1.json,2117,true,2118,db16c6fcce1599d66e645de8a805ff802e1e64bfcbf803de3c50dc7914748369
1Oh_I7w7kKrbpINs5M-NSvsx_xB1SGukY,05_Code/StageU5D_Confidence_Bounded_Observer_Hardening_v1.0/U5D_OBSERVER_HARDENING_IMPLEMENTATION_AMENDMENT_AUTHORIZATION_v1.0.1.json,legacy/governance_authoritative/StageU5D_Confidence_Bounded_Observer_Hardening_v1.0/U5D_OBSERVER_HARDENING_IMPLEMENTATION_AMENDMENT_AUTHORIZATION_v1.0.1.json,848,true,849,e83d053653dd1e3b33e806746ccd968d4bcec3b068d25e8cc5153a1697d31e74
1ipjHNwQX4zvPzPDkftfEq7P4qEoGkp4M,05_Code/StageU5D_Confidence_Bounded_Observer_Hardening_v1.0/StageU5D_Transparent_Implementation_Amendment_v1.0.1.txt,legacy/governance_authoritative/StageU5D_Confidence_Bounded_Observer_Hardening_v1.0/StageU5D_Transparent_Implementation_Amendment_v1.0.1.txt,1080,true,1081,f6ac66a48ca0d5a24982a7f7eb9c82ab2c1edf73fda999e50c4e790e9c0f8e3f
1-FC6dc72jMf2MUCvwlSUPNGur3Qru76m,05_Code/StageU5D_Confidence_Bounded_Observer_Hardening_v1.0/StageU5D_Run_Identity_v1.0.txt,legacy/governance_authoritative/StageU5D_Confidence_Bounded_Observer_Hardening_v1.0/StageU5D_Run_Identity_v1.0.txt,635,true,636,a7ce4e4df6614851b79db5c526d3d3c16ab4190a9d5305d3ec8ec0dd76b5bd63
1b8l-ycJroqVtlj0uxxnoiBYQKOpjS3In,05_Code/StageU5D_Confidence_Bounded_Observer_Hardening_v1.0/CMDO_U5D_Release_Manifest_v1.0.json,legacy/governance_authoritative/StageU5D_Confidence_Bounded_Observer_Hardening_v1.0/CMDO_U5D_Release_Manifest_v1.0.json,1946,true,1947,1e7884d904bbeed2e8766a8810e595f6fcc3e5bd12cffb7465ee1d29221c61fd
1DnLwdz-psT7EJQfl_Qho52K9nFh88NOU,05_Code/StageU5D_Confidence_Bounded_Observer_Hardening_v1.0/U5D_OBSERVER_HARDENING_AUTHORIZATION_v1.0.json,legacy/governance_authoritative/StageU5D_Confidence_Bounded_Observer_Hardening_v1.0/U5D_OBSERVER_HARDENING_AUTHORIZATION_v1.0.json,923,true,924,90bc791a3c0f93f00864e38718b57467956ddc9b20b636c05122d4d97fe23618
1NNpTi-U6bFS-UcN03vVo9TnMlB-dUVlH,05_Code/StageU5D_Confidence_Bounded_Observer_Hardening_v1.0/StageU5D_Observer_Hardening_Protocol_v1.0.txt,legacy/governance_authoritative/StageU5D_Confidence_Bounded_Observer_Hardening_v1.0/StageU5D_Observer_Hardening_Protocol_v1.0.txt,1600,true,1601,7544d45e64dd11048706f452f9e3f53e5ada8bf7f1c52c1afb54b47886bdc2b7
1wtg6RWVqC9PJRiOPQgaUA92OKdoZBUiB,05_Code/StageU4A_Evidence_Component_Expiry_Safe_Audit_v1.0/CMDO_StageU4A_Preparation_Release_Manifest_v1.0.json,legacy/governance_authoritative/StageU4A_Evidence_Component_Expiry_Safe_Audit_v1.0/CMDO_StageU4A_Preparation_Release_Manifest_v1.0.json,1415,true,1416,d6f0fe6831a0c10535b4b77ad8dd2d6ad474a348179c9bfc1cedc9cd594dfd15
1v3ZEliK8KJoYmrN2GKKAYzk_E2mielg4,05_Code/StageU4A_Evidence_Component_Expiry_Safe_Audit_v1.0/CMDO_Manuscript_Rebuild_Strategy_v0.5.txt,legacy/governance_authoritative/StageU4A_Evidence_Component_Expiry_Safe_Audit_v1.0/CMDO_Manuscript_Rebuild_Strategy_v0.5.txt,3918,true,3919,1e701522fc2770e2f7039d5460dda4464d62a8e3ab13d94df1d888757fea4aab
10H6ZRA1bS2ZVso8JVLLfbSfoIIVsjXMA,05_Code/StageU4A_Evidence_Component_Expiry_Safe_Audit_v1.0/Stage_U4A_Transparent_Development_Protocol_v1.0.txt,legacy/governance_authoritative/StageU4A_Evidence_Component_Expiry_Safe_Audit_v1.0/Stage_U4A_Transparent_Development_Protocol_v1.0.txt,3916,true,3917,80f1289c84b8f2b4ad91a5bf36e1cfe362804c20583eb56878666d567bb7807d
1fSMhAfs5dc1fr5LF9kPyO4e4Q34dAMuS,05_Code/StageU4A_Evidence_Component_Expiry_Safe_Audit_v1.0/CMDO_Evidence_Component_Universality_and_Safe_Sequential_Auditing_Theory_v2.0.txt,legacy/governance_authoritative/StageU4A_Evidence_Component_Expiry_Safe_Audit_v1.0/CMDO_Evidence_Component_Universality_and_Safe_Sequential_Auditing_Theory_v2.0.txt,8589,true,8590,eb7bc39688a212667cab0b0ee0f52d0ebab7525c6b2fbfa93adc156d7eec37c7
1Wr8lzdgEw7mytbIy5syEqk-W1mD2BTWD,07_Experiments/Cross_Modal/StageU2_Mechanism_Multimetric_LabelEfficiency_External_NonBiomedical_v0.1/StageU2_External_Dataset_And_Reserve_Policy_v0.1.md,legacy/governance_authoritative/experiments/Cross_Modal/StageU2_Mechanism_Multimetric_LabelEfficiency_External_NonBiomedical_v0.1/StageU2_External_Dataset_And_Reserve_Policy_v0.1.md,1270,true,1271,48b8d6c4b8bf682430399c971c2617ff14d621ad88ece66bbaa4e2dab08eacb4
1LqAccxNThMysUj7xoSCSclGo1tewEyaH,07_Experiments/Cross_Modal/StageU2_Mechanism_Multimetric_LabelEfficiency_External_NonBiomedical_v0.1/StageU2_Prerregistration_v0.1.md,legacy/governance_authoritative/experiments/Cross_Modal/StageU2_Mechanism_Multimetric_LabelEfficiency_External_NonBiomedical_v0.1/StageU2_Prerregistration_v0.1.md,2615,true,2616,686f5ce5edf451d90f772c7f57b78ee8aedfdacaea4c1def3a012869774477c1
1xcOI52nyRnl7s7qRyiH-j74eEEA30147,07_Experiments/Cross_Modal/StageU2_Mechanism_Multimetric_LabelEfficiency_External_NonBiomedical_v0.1/StageU2_Run_All_And_Dataset_Acquisition_Guide_v0.1.md,legacy/governance_authoritative/experiments/Cross_Modal/StageU2_Mechanism_Multimetric_LabelEfficiency_External_NonBiomedical_v0.1/StageU2_Run_All_And_Dataset_Acquisition_Guide_v0.1.md,2148,true,2149,e86982add8f8e0530d86d518d7c533230d57fe31158772570cef9a8ea12f3b1b
