repository_path,size_bytes,sha256,authority
legacy/original_authoritative/retinal_dr/README_Retinal_DR_Notebook_Index_v0.1.md,874,fa1023afec240137cfb6575b395977a03091d66af886d175d421b838bc12217c,DRIVE_IMPORTED_AUTHORITATIVE_CONTAINER
legacy/original_authoritative/retinal_dr/Retinal_DR_DeepDRiD_Smoke_Test_v0.1.ipynb,214338,97a21e16a61930724f79e93098ca25b95a9c48b2581826462a834172eb7382ed,DRIVE_IMPORTED_AUTHORITATIVE_CONTAINER
legacy/original_authoritative/retinal_dr/Retinal_DR_External_Replication_Failure_Audit_v0.1.ipynb,43807,84d6d196f9444bfe6c225cee66e39572d05a67770da1781723356929af5b47d5,DRIVE_IMPORTED_AUTHORITATIVE_CONTAINER
legacy/original_authoritative/retinal_dr/Retinal_DR_External_Replication_Protocol_v0.1.ipynb,401399,c6f437d668b3432b295891052f296c4412c0bec7354caf5637ca0dabf056723e,DRIVE_IMPORTED_AUTHORITATIVE_CONTAINER
legacy/original_authoritative/retinal_dr/Retinal_DR_Fine_Structure_Dissection_v0.1.ipynb,613214,c2ce08ff656f71b771f5f01d325e373684132986262055bbf9cf9c418c52b9d4,DRIVE_IMPORTED_AUTHORITATIVE_CONTAINER
legacy/original_authoritative/retinal_dr/Retinal_DR_Frozen_Representation_Baseline_v0.1.ipynb,254891,1501711c45eb9f057c2048e85da367a9ce278af74821f862c10067e35c7187fd,DRIVE_IMPORTED_AUTHORITATIVE_CONTAINER
legacy/original_authoritative/retinal_dr/Retinal_DR_Locality_Kill_Test_v0.1.ipynb,425209,f177e8459cebfe1ef9a1b26edb0dc93bf8619e674abfe143b8c9a6197e597a14,DRIVE_IMPORTED_AUTHORITATIVE_CONTAINER
legacy/original_authoritative/retinal_dr/Retinal_DR_Online_Smoke_Test_v0.1.ipynb,2504141,20a48d54e156e43c3ef194613943b3fbe3d69b98711133b169c8c4e292231266,DRIVE_IMPORTED_AUTHORITATIVE_CONTAINER
legacy/original_authoritative/retinal_dr/Retinal_DR_Prospective_Blind_Test_Design_v0.1.ipynb,2176657,bcf35e1019f5e0d069616d6c674bdcb74b5e8e7ad93d21cebe65bf4cae98a4f9,DRIVE_IMPORTED_AUTHORITATIVE_CONTAINER
legacy/original_authoritative/retinal_dr/Retinal_DR_Stage5B_Blind_LabelFree_Scoring_And_Prediction_Freeze_v0.1.ipynb,161969,d07e1844a1201d0c81ff382c80cc3d7ba70f8435090feb31a042280857ad8352,DRIVE_IMPORTED_AUTHORITATIVE_CONTAINER
legacy/original_authoritative/retinal_dr/Retinal_DR_Stage6_One_Time_Unsealing_And_External_Validation_v0.1_R1.ipynb,88886,ced62c7a781a2a394bc9a2e12ffb9085ce86de37a67756cfa55361c7811a3fbc,DRIVE_IMPORTED_AUTHORITATIVE_CONTAINER
legacy/original_authoritative/retinal_dr/Retinal_DR_Stage7_PostUnseal_FourDomain_Transportability_Discovery_And_DDO2_Prototype_v0.1.ipynb,134485,6b73f804c629277324bc1c7e1fbf722001c83c598c1143c3f68fc1e78032da14,DRIVE_IMPORTED_AUTHORITATIVE_CONTAINER
legacy/original_authoritative/t_series/CrossModal_StageT1-R_Development_Only_DDET_Mechanism_Kill_Test_v0.1.ipynb,213170,341fc1010fb3a7148703a7ce0561964d3249d9c3ff1009df135ad6f67215e71c,DRIVE_IMPORTED_AUTHORITATIVE_CONTAINER
legacy/original_authoritative/t_series/CrossModal_StageT2-D_Development_Only_AMW-DDET_Active_Minimal_Witness_Certificate_v0.1.ipynb,237318,7c2c56e24d36c6b35c4b0f790abef6214735cf3440238ae78b54be806518cc97,DRIVE_IMPORTED_AUTHORITATIVE_CONTAINER
legacy/original_authoritative/t_series/CrossModal_StageT2-E_Development_Only_Paper_Grade_Baselines_Ablations_Applicability_And_Blind_Readiness_v0.1.ipynb,244854,3aaa14cdb6570481291f3aedddbf285c5d0d56e4a27c37316bbd62035079e015,DRIVE_IMPORTED_AUTHORITATIVE_CONTAINER
legacy/original_authoritative/t_series/CrossModal_StageT2-F_Development_Only_RA-CB-AMW-DDET_Risk_Adaptive_Covariate_Balance_And_Blind_Refreeze_v0.1.ipynb,284930,6c2c35a453af4490aad185da547830b5d4d0a8f37d7a3cd551ffdec124d35d88,DRIVE_IMPORTED_AUTHORITATIVE_CONTAINER
legacy/original_authoritative/t_series/CrossModal_StageT2-G_Development_Only_Predictive_Observability_Hierarchy_And_Budget_Forecasting_v0.1.ipynb,278373,348882ead06e0d0271a7ef2640d9e9a065fad39249ff3b084e9b310a0e46ebdd,DRIVE_IMPORTED_AUTHORITATIVE_CONTAINER
legacy/original_authoritative/t_series/CrossModal_StageT2-H_Development_Only_Single_Pilot_Deployability_And_Sequential_Forecast_Freeze_v0.1.ipynb,287013,84e66379aa2d915b220e86269c55d3592dcfaee18bfe4f81aa3a8219409e440e,DRIVE_IMPORTED_AUTHORITATIVE_CONTAINER
legacy/original_authoritative/t_series/CrossModal_StageT2-I_Independent_Target_Expansion_Registry_Acquisition_And_Harmonisation_v0.2.ipynb,115343,fdf2d696fb6c2b3f7c3a8400ac44e8aaee567a8600e0186b57fa70e5b5af5eca,DRIVE_IMPORTED_AUTHORITATIVE_CONTAINER
legacy/original_authoritative/t_series/CrossModal_StageT2-J_Expansion_Harmonisation_Dedup_And_Public_Route_Repair_v0.1.ipynb,158266,913c2d80c7de049c399792fe8995bbb6ddf956097bdb28e68099c76d5211c03e,DRIVE_IMPORTED_AUTHORITATIVE_CONTAINER
legacy/original_authoritative/t_series/CrossModal_StageT2-KR_Frozen_Axis_Schema_Adapter_And_CPU_Continuation_v0.4.ipynb,276328,391f9000c47e201fdc2b9c4fecc7cd82b20f1541f162e5138d13bae4e4b1b4fa,DRIVE_IMPORTED_AUTHORITATIVE_CONTAINER
legacy/original_authoritative/t_series/CrossModal_StageT2-L_Independent_Target_Regime_Expansion_Acquisition_Harmonisation_And_MultiBudget_v0.1.ipynb,247189,14fe694662e3ce6472f60f686d792778a56f9443211c54d6623364ef05b903ac,DRIVE_IMPORTED_AUTHORITATIVE_CONTAINER
legacy/original_authoritative/t_series/CrossModal_StageT2-MN_Censored_Model_Freeze_And_Provider_Prospective_Extension_v0.3_SELF_CONTAINED.ipynb,506647,68f0bace7c8b386841d37e819ecd58e874c751f23e9c69202e335d05d5a370c4,DRIVE_IMPORTED_AUTHORITATIVE_CONTAINER
legacy/original_authoritative/t_series/CrossModal_StageT3-A_Locked_Blind_Sentinel_Scenario_Classification_And_Execution_v0.1_SELF_CONTAINED.ipynb,298216,bb4c362bc088d460b17ad43856a23fafa919a8c61fefac664520f6b95b8c2a3c,DRIVE_IMPORTED_AUTHORITATIVE_CONTAINER
legacy/original_authoritative/t_series/CrossModal_StageT3-PF_Outcome-Free_Preregistration_And_Asset_Preflight_v1.0.ipynb,61766,1c6ff4969247f632b24b359d3df20af24f16d52c7ce18a3e8020cf72ef0c26c4,DRIVE_IMPORTED_AUTHORITATIVE_CONTAINER
legacy/original_authoritative/t_series/CrossModal_StageT3-X_Transparent_Blind_Failure_Autopsy_And_Observability_Decomposition_v0.1_SELF_CONTAINED.ipynb,580319,0f2b1b84e8387c4757764bd63cffd02ca4716ac4702b6c73a7ac6ea1615d7fb0,DRIVE_IMPORTED_AUTHORITATIVE_CONTAINER
legacy/original_authoritative/t_series/CrossModal_StageT4-ABC_Decomposed_Observability_And_MethodV1_Transparent_Validation_v0.1_SELF_CONTAINED.ipynb,25362,f387fb0b45f5a561059131f106ee1566629ea17be0a8b65288ea9d9c8082fd93,DRIVE_IMPORTED_AUTHORITATIVE_CONTAINER
legacy/original_authoritative/t_series/CrossModal_StageT4-DE_Baseline_Anchored_MultiFunctional_Audit_v0.1_SELF_CONTAINED.ipynb,25394,697e1f5371143522199f75da262ac5cc252ba881e5c281d6ef684ca2c638d78f,DRIVE_IMPORTED_AUTHORITATIVE_CONTAINER
legacy/original_authoritative/t_series/CrossModal_StageT4-FG_MethodV3_v0.1.3_CANONICAL_ZIP_LOADER_SELF_CONTAINED.ipynb,17137,9d2626a31d4d24a1383ffd21a6139548705ebec174ffca3ad3f73b162081ba1f,DRIVE_IMPORTED_AUTHORITATIVE_CONTAINER
legacy/original_authoritative/t_series/README_Cross_Modal_Notebook_Index_v2.7.md,1794,e187cf2eeeaaf8cd303ee90ca4119bcba831d4c5bac6375c5881a6a84258e00f,DRIVE_IMPORTED_AUTHORITATIVE_CONTAINER
legacy/original_authoritative/t_series/StageT2KR_CPU_pipeline_v0.4.b85,32243,687e0ee15ed01ce5fa731c686e96db0657fa2732dbd696a77b857527ee7e371a,DRIVE_IMPORTED_AUTHORITATIVE_CONTAINER
legacy/original_authoritative/t_series/StageT2L_pipeline_v0.1.b85,35847,0af4e710fd2206c9c2c9c684181a12627ff6d791570f7282a2963ed51ddef7d3,DRIVE_IMPORTED_AUTHORITATIVE_CONTAINER
legacy/original_authoritative/t_series/StageT2MN_pipeline_v0.1.b85,51129,14310112ff3657acb81a6d0f3678294ae03a296c4276af051f53025dab99c8c5,DRIVE_IMPORTED_AUTHORITATIVE_CONTAINER
legacy/original_authoritative/t_series/StageT3-X_Notebook_Release_Manifest_v0.1.json,637,aca2b3f32f23bccb020f6a92559fb3b592214e9247dcfd920cbbedf239baaedc,DRIVE_IMPORTED_AUTHORITATIVE_CONTAINER
legacy/original_authoritative/t_series/StageT4-DE_Notebook_Release_Manifest_v0.1.json,542,52da30a7077b3f1abfbe2743698757f793a985e24ac4328e7c3deefdf45caf8e,DRIVE_IMPORTED_AUTHORITATIVE_CONTAINER
legacy/original_authoritative/t_series/StageT4-FG_Notebook_Release_Manifest_v0.1.3.json,713,9c7a34f4a9506daa1bb8e86136a4a75d643bee40811d3530ecd2ce53a2385cc6,DRIVE_IMPORTED_AUTHORITATIVE_CONTAINER
legacy/original_authoritative/t_series/upstream_history/CrossModal_Protocol_Amendment_A1_Official_Route_Recovery_And_Development_Only_Substitution_Rules_v0.1.ipynb,80964,5f7efb11aa89e58571c3f5d443e37eeb6ed750e80548d2729c2d5ad36e1af66b,DRIVE_IMPORTED_AUTHORITATIVE_CONTAINER
legacy/original_authoritative/t_series/upstream_history/CrossModal_Stage10_Preassigned_Development_And_Locked_Blind_Registry_v0.1.ipynb,67743,af8f838306f8009c96d1d4ed9c432998171257e5a969b23326453917cf1305a2,DRIVE_IMPORTED_AUTHORITATIVE_CONTAINER
legacy/original_authoritative/t_series/upstream_history/CrossModal_Stage11A_Hold_And_Unavailable_Cause_Audit_v0.1.ipynb,161351,519e0fe4727f0e99fd852e9f206f0dfa04f9c5cdc8906ffc8616ca46195bbc20,DRIVE_IMPORTED_AUTHORITATIVE_CONTAINER
legacy/original_authoritative/t_series/upstream_history/CrossModal_Stage11B_Protocol_Conformant_Reacquisition_And_Patient_Grouping_Repair_v0.1.ipynb,173746,4a0fbd27a1b6f55a1fe1e0f236790808163441902654dbc069f83ce3d2c10da8,DRIVE_IMPORTED_AUTHORITATIVE_CONTAINER
legacy/original_authoritative/t_series/upstream_history/CrossModal_Stage11C-R2_Recursive_Payload_And_Provider_Evidence_Readjudication_v0.1.ipynb,81670,09655b04ba90c4c5f674cc1397947e796c3c65377da0527926c42f350fcd9299,DRIVE_IMPORTED_AUTHORITATIVE_CONTAINER
legacy/original_authoritative/t_series/upstream_history/CrossModal_Stage11C-R_Manual_Official_Receipt_Validation_And_Typed_Hold_Readjudication_v0.1.ipynb,58024,42b13c26bdc0565b96f28e9c874d4bfaaaedd04550add273fab3558aaf8101ae,DRIVE_IMPORTED_AUTHORITATIVE_CONTAINER
legacy/original_authoritative/t_series/upstream_history/CrossModal_Stage11C_Amended_Original_First_Official_Route_Recovery_And_Outcome_Free_Reserve_Screening_v0.1.ipynb,102029,2419ddf4f29b50c0d54191d4e2d2c7608aaa7451a3f358160be39b7455da4ccc,DRIVE_IMPORTED_AUTHORITATIVE_CONTAINER
legacy/original_authoritative/t_series/upstream_history/CrossModal_Stage11D-R_Cross_Roster_Dedup_Exact_Manifest_And_Grouped_Split_Freeze_v0.1.ipynb,101821,4a879e952ff8ca1820a179988ec6610035490f3d6c763ec29d114fdea52f8331,DRIVE_IMPORTED_AUTHORITATIVE_CONTAINER
legacy/original_authoritative/t_series/upstream_history/CrossModal_Stage11E-R_Development_Only_Source_Recoverability_And_Axis_Freeze_v0.1.ipynb,168768,50f42750281598a9a97382c95f9fc8b259137836afad9ec831c8d326e6ac11bf,DRIVE_IMPORTED_AUTHORITATIVE_CONTAINER
legacy/original_authoritative/t_series/upstream_history/CrossModal_Stage11F-R_Development_Only_Directed_Edge_Assembly_And_Fit_Readiness_v0.2.ipynb,163607,ede5af67b407bf7975b01ef56c137b2183246e70e277a3429994389841aaf548,DRIVE_IMPORTED_AUTHORITATIVE_CONTAINER
legacy/original_authoritative/t_series/upstream_history/CrossModal_Stage11G-R_Development_Only_DDO2_Decisive_Viability_Kill_Test_v0.1.ipynb,122277,1bb94051323bfea16e0eaa12610b54b9e71f7b228e3647e137cc005830212f51,DRIVE_IMPORTED_AUTHORITATIVE_CONTAINER
legacy/original_authoritative/t_series/upstream_history/CrossModal_Stage11_Development_Extension_Acquisition_And_Source_Recoverability_Gates_v0.2.ipynb,241205,44b7d32366c110096f837bbc6373423660d87c9c4d200372df4ce56a8b649a23,DRIVE_IMPORTED_AUTHORITATIVE_CONTAINER
legacy/original_authoritative/t_series/upstream_history/CrossModal_Stage8B_NLM_Chest_Radiography_Access_Completion_v0.1.ipynb,206817,29e57afea34de4af858fe0e23afe7fd230f0983594b8e2ed75804020b2a90586,DRIVE_IMPORTED_AUTHORITATIVE_CONTAINER
legacy/original_authoritative/t_series/upstream_history/CrossModal_Stage8_CrossModality_EdgeLibrary_Expansion_And_Protocol_Seal_v0.1.ipynb,252687,8e41e166d1ddb9790f9352aa78a221e3405cedf39651db3c67a4b5da0a4730a4,DRIVE_IMPORTED_AUTHORITATIVE_CONTAINER
legacy/original_authoritative/t_series/upstream_history/CrossModal_Stage9_Hierarchical_DDO2_Specification_Freeze_v0.1.ipynb,64747,a859f4052279e1d55cbdb80b55c16e9b208975a191a340f39ec5ce6a34bf1ece,DRIVE_IMPORTED_AUTHORITATIVE_CONTAINER
legacy/original_authoritative/u0_u1/CrossModal_StageU0-U1_Universal_Observability_Law_Discovery_v0.1_SELF_CONTAINED.ipynb,14521,41c848b0609c603f6ef6fc9713a19dad098bb189ab25bb6ce06b891204bc3661,DRIVE_IMPORTED_AUTHORITATIVE_CONTAINER
legacy/original_authoritative/u2/CrossModal_StageU2_v0.1.7.2_AUTO_GPU_CPU_LIGHTWEIGHT.ipynb,32339,9f4cc456b2bf1a0266fc23bb85d30fbc52e853c8313e708f1c1f8e95ee653434,DRIVE_IMPORTED_AUTHORITATIVE_CONTAINER
legacy/original_authoritative/u2/StageU2_Notebook_Release_Manifest_v0.1.json,795,ac15bd143384a1c0dca9b68cde1c684adf585303064f41b3eb8b335d77fa0261,DRIVE_IMPORTED_AUTHORITATIVE_CONTAINER
legacy/original_authoritative/u2/StageU2_pipeline_v0.1.7.2_CORRECTED_FROZEN_MODEL_DUAL_BACKEND.py,112209,39a9779e86311e759f719e5f495d2ad3408371912bd8a1c98d13858bc10a762f,DRIVE_IMPORTED_AUTHORITATIVE_CONTAINER
legacy/original_authoritative/u2/StageU2_pipeline_v0.1.py,51825,f45c6e58d0e9097e87d5f6712920a0992b0e09de35ba9f156a534076f3fb311a,DRIVE_IMPORTED_AUTHORITATIVE_CONTAINER
legacy/original_authoritative/u3/CrossModal_StageU3A_Observability_Universality_Classes_v0.1_SELF_CONTAINED.ipynb,17887,359e59f892bd5374d9d4f03b8639cd3649606d3cc242179747c429454bb9ab5e,DRIVE_IMPORTED_AUTHORITATIVE_CONTAINER
legacy/original_authoritative/u3/CrossModal_StageU3C_AUTHORISED_Prospective_Reserve_v1.0.1_FINAL.ipynb,65684,955558ecc8aa45a4f7e1d7aa51990c6a944a9d575299ae35e548be13b70e01a0,DRIVE_IMPORTED_AUTHORITATIVE_CONTAINER
legacy/original_authoritative/u4/CrossModal_StageU4A_Evidence_Component_Expiry_Safe_Audit_v1.0_SELF_CONTAINED.ipynb,74330,c2cb5f89dd851cac6de127bf33be6b2fbfa7cd4efd59a5b36e6839f9b431089e,DRIVE_IMPORTED_AUTHORITATIVE_CONTAINER
legacy/original_authoritative/u4/StageU4A_Evidence_Component_Expiry_Safe_Audit_v1.0.py,51396,86d9f568b8f7c1362f593ee182bbe1f79d6a539f156feb1bd4f01731a8ae2a16,DRIVE_IMPORTED_AUTHORITATIVE_CONTAINER
legacy/original_authoritative/u4/StageU4C_AUTHORISED_Prospective_Component_Expiry_Safe_Audit_v1.0.py,65183,974b713be27951880f0d5b3b58196d8b1e17c1059af3e8c67ef3c2f02ce2ea28,DRIVE_IMPORTED_AUTHORITATIVE_CONTAINER
legacy/original_authoritative/u4/StageU4C_CONTINUE_PostSeal_Corrections_v1.1.2.py,78034,4a1fddcccd6914d913f172ee3077d7bd82b956c3b23ad9462d3e382432ce820b,DRIVE_IMPORTED_AUTHORITATIVE_CONTAINER
legacy/original_authoritative/u4/StageU4C_CONTINUE_PostSeal_QMNIST_Correction_v1.1.1.py,75558,6053b77c9a5a08a9f867ba05dbb73cdcf1c5e27c106a2d524137e14d4005deb4,DRIVE_IMPORTED_AUTHORITATIVE_CONTAINER
legacy/original_authoritative/u5/StageU5B_AUTHORISED_Sentinel_Observability_Prospective_Reserve_v1.0.2.py,65921,4c0fe6375f572a792160c8449995ed3da3f2f320cbe94a7b4ad297efe4b0d3e5,DRIVE_IMPORTED_AUTHORITATIVE_CONTAINER
legacy/original_authoritative/u5/StageU5D_Confidence_Bounded_Observer_Hardening_v1.0.1.py,28161,e078f18dfa6059d5a8ca854906657fcbf86bccd8b949a3975a1211a59e9f1e3e,DRIVE_IMPORTED_AUTHORITATIVE_CONTAINER
legacy/original_authoritative/u5/StageU5D_Confidence_Bounded_Observer_Hardening_v1.0.py,27957,86592905b72d0311d90133d0fe33e4276b15ef62ce37be3f64cf8f34046480ce,DRIVE_IMPORTED_AUTHORITATIVE_CONTAINER
legacy/original_authoritative/u5/StageU5E_Pair_Complete_Cross_Fitted_Observer_v1.0.py,40169,0ad2e2510fc61ad233f0b68fc5dbafb65caa906cd9eb8fb9458ed7775e4a1b93,DRIVE_IMPORTED_AUTHORITATIVE_CONTAINER
legacy/original_authoritative/u5/StageU5F_Final_Observer_Freeze_And_U6_Preregistration_v1.0.py,22391,29801e1edc9b145f813fa6bf632121114e131aca44a8b9a706a09c251bb6a718,DRIVE_IMPORTED_AUTHORITATIVE_CONTAINER
legacy/original_authoritative/u6/CrossModal_StageU6_Independent_Pair_Complete_Observer_Reserve_v1.0.ipynb,365562,9db5fbc659a5a53fb730d27e304ea060bf6dc0b047f4178bc64771d7835f44e1,DRIVE_IMPORTED_AUTHORITATIVE_CONTAINER
legacy/original_authoritative/u6/StageU6_Independent_Pair_Complete_Observer_Reserve_v1.0.py,52561,b7d3b57bfad0607ee1e39951cf43dc100ebf789f73f09c9a9b8b5ee42476a32b,DRIVE_IMPORTED_AUTHORITATIVE_CONTAINER
legacy/original_authoritative/u7/CrossModal_StageU7_General_Observability_And_Natural_Clinical_Deployment_v1.0.1.ipynb,14474,fa362dd4d91615c6ed1efbe4fdf459e35d227cc797e4c3c8a586d6172610edab,DRIVE_IMPORTED_AUTHORITATIVE_CONTAINER
legacy/original_authoritative/u7/StageU7_General_Performance_Observability_And_Natural_Clinical_Deployment_v1.0.py,48587,1645b498e235d05d712df8add98a3b4388582599d05627a01387c41b30bdf2d0,DRIVE_IMPORTED_AUTHORITATIVE_CONTAINER
legacy/extracted_authoritative/t_series/StageT2KR_CPU_pipeline_v0.4.py,91882,911ef861a53dcc0fb7e52c6f223e2d373d612fa556da702d7c116b957756d824,EXTRACTED_BYTE_EXACT_PAYLOAD
legacy/extracted_authoritative/t_series/StageT2L_pipeline_v0.1.py,100463,160627ebc4bd3a60cd609aed02f93ad2612c9db1467e08173c928abb81197440,EXTRACTED_BYTE_EXACT_PAYLOAD
legacy/extracted_authoritative/t_series/StageT2MN_pipeline_v0.3.py,161746,f4aefd24f714c127635566ef0c637593fc8455655f585ae92904c245cb58aa50,EXTRACTED_BYTE_EXACT_PAYLOAD
legacy/extracted_authoritative/t_series/StageT3A_pipeline_v0.1.py,141098,40d3d9f3b766e074471a7eee358f73301401aa76f5881ec24e6e34edee37970d,EXTRACTED_BYTE_EXACT_PAYLOAD
legacy/extracted_authoritative/t_series/StageT3X_pipeline_v0.1.py,72609,d7cb0547a558b085efd2b1f459454f2fda8cb4229245b8e314ccb4b0702041d2,EXTRACTED_BYTE_EXACT_PAYLOAD
legacy/extracted_authoritative/t_series/StageT4ABC_pipeline_v0.1.py,31456,cb0290cec21ab295e29a6d17177542db54d789966d5d9b2645d1860d818af6e9,EXTRACTED_BYTE_EXACT_PAYLOAD
legacy/extracted_authoritative/t_series/StageT4DE_pipeline_v0.1.py,33863,965670a5fc2f2a8588f9f9a65c24eaeae5e1a4214767ade0c09f151414df065f,EXTRACTED_BYTE_EXACT_PAYLOAD
legacy/extracted_authoritative/t_series/StageT4FG_pipeline_v0.1.3.py,41224,dfc9b497c2244735563a8ad44d70b49c4d16f1c7b4bc71894d13469fd67c7859,EXTRACTED_BYTE_EXACT_PAYLOAD
legacy/extracted_authoritative/t_series/history/StageT2MN_pipeline_v0.1.py,161581,e9a8e8f6b0dded1342c8b199341fcc7cf3dce0d98c81eaf1640f40ef28ea5c47,EXTRACTED_BYTE_EXACT_PAYLOAD
legacy/extracted_authoritative/u0_u1/StageU0U1_pipeline_v0.1.py,40457,1d7f890abc87d4a0cd5b68cbd85723c59460acf1f6a8a3aaa8006e080f0661be,EXTRACTED_BYTE_EXACT_PAYLOAD
legacy/extracted_authoritative/u3/StageU3A_pipeline_v0.1.py,35116,782dd5768f7964a8ee8fe12061c90a2fb085eeb2d7117a5ad82df7687d1237ad,EXTRACTED_BYTE_EXACT_PAYLOAD
legacy/extracted_authoritative/u3/StageU3C_pipeline_v1.0.1.py,55910,a57832c78591664cdee291804a1e73817c40378b74c120433e83c68a1cde4c5d,EXTRACTED_BYTE_EXACT_PAYLOAD
legacy/repaired_runnable/u0_u1/CrossModal_StageU0-U1_Universal_Observability_Law_Discovery_v0.1_SELF_CONTAINED_REPAIRED.ipynb,14519,68335549995914a00e00dc00f42d25a2ff3eaca5fa0d46cedb75813d38864656,NON_AUTHORITATIVE_RUNNABLE_REPAIR
legacy/repaired_runnable/u0_u1/REPAIR_NOTES.md,645,cf7485ca252d312fe358ae6b4f2437a95626045a06ff87240cd722a5ce045401,NON_AUTHORITATIVE_RUNNABLE_REPAIR
