path,bytes,sha256
source_data\submission_frozen\StageU4C_Audit_State_Results_v1.1.csv,20046,cc1ea6acfe37531045a7e07f74371a35583c509ce2e688fde21b23f3187a31e9
source_data\submission_frozen\StageU4C_Component_Fits_v1.1.csv,2386,7c629e3900e0234c8cb9b7982d648d4b0911acb0d33fe5abf588fe9946a539ab
source_data\submission_frozen\StageU4C_Component_Trajectory_Predictions_v1.1.csv,8577,d5478c7b6e3956eaf78e4a6695dd34a80ce5cd6fc52bff8903014a426cc1cff2
source_data\submission_frozen\StageU4C_Evidence_Expiry_Map_v1.1.csv,2306,85c97d0d53f9cc3a41d563e3eb922a1937f072caec870c1f5574a3ef87bb3677
source_data\submission_frozen\StageU5B_Audit_State_Results_v1.0.csv,34533,5a8999a634dc54a657ee13eb7c5de5e106fe9557fab10e46908b3a27d1305858
source_data\submission_frozen\StageU6_Audit_State_Results_v1.0.csv,23273,29e62d2110b50765478bd6f6ed94e82c7a27a8befadba66f3741a320dd662028
source_data\submission_frozen\StageU6_Target_Summary_v1.0.csv,3872,7fb09cf17b469d4c4b6b8e1f5f14a497c3feb7dc6e90dd02b45ebf17d3367585
source_data\submission_frozen\StageU7_Metric_Summary_v1.0.csv,693,c01536d86f9b85b3b9bd9c075f23f616e31806b5f4d74f397bb601392cc8c56f
source_data\submission_frozen\StageU7_State_Results_v1.0.csv,83841,06539157d2570dc07402cc178700e98b5d89980381c4b76e072c690e0d655c92
source_data\submission_frozen\StageU7_Target_Metric_Summary_v1.0.csv,14910,cfb81df0c51b4d54b46be1aa8bfb3e7b8a3c0467f9c76e1c92f57df50affd9ff
source_data\figure5_submission\CMDO_SystemStress_AUC_StateSummary_v1_1.csv,295134,8369887e67c5c6d23ff5993f4a598ff6b07fa55c9d26129bea68b4bc9ed93dca
source_data\figure1_assets\Figure1_assets_selected_v1.mat,3002456,30490a2586a9394fad868159ccd1f0248b0d9afc17d9bc970456c425c63925e7
